4.760948888726825035e-02,2.470815112792595913e-03,-2.498840453302467526e-02,-4.820604962512793634e-02,3.597268497623425793e-02,4.660729436666452563e-02,-3.950744667429512136e-02,-5.173078327839866764e-02,2.993959176143065268e-02,-1.924380379745446734e-02,1.000000000000000000e+00
3.678304543887375710e-02,8.893900836070930960e-03,-1.021545649196013185e-02,-3.552486413026641199e-02,4.434656627852651134e-02,6.278904245513711180e-02,-3.270333525701646371e-02,-3.459838838286213858e-02,3.949316318340882759e-02,-2.521287073754363214e-02,1.000000000000000000e+00
2.023674501778145729e-02,2.505954661307201615e-03,-1.135628449200523291e-02,-2.364168400313040180e-02,3.263184819473697457e-02,6.434455603612837526e-02,-3.178171463537121655e-02,-2.120648117454641129e-02,4.485747995678121547e-02,-2.928357706224047480e-02,1.000000000000000000e+00
2.637350042855713880e-03,-5.095014133355167327e-03,-1.837673441844248773e-02,-1.288242668673215789e-02,1.017315165363846113e-02,6.027300414567917514e-02,-4.039349802115517474e-02,-7.810193319806608275e-03,5.312219200692420984e-02,-3.431974595664692013e-02,1.000000000000000000e+00
-1.514095972062434563e-02,1.112118389789300277e-02,-1.447579635321853860e-02,-4.089223565030287652e-03,-9.809061571529480855e-03,5.506083203022706790e-02,-4.360869274608576707e-02,9.568824006899508822e-03,5.630226845120116924e-02,-3.485385412892868379e-02,1.000000000000000000e+00
-2.578591148322603027e-02,4.183194504454574442e-02,1.233291405969034506e-03,9.734379523699421971e-04,-2.013694694799042506e-02,4.816456692664390637e-02,-3.249081148635248051e-02,2.801430186084094900e-02,4.626489856455577587e-02,-3.216881699314201593e-02,1.000000000000000000e+00
-2.687344800537618678e-02,6.451389228943245346e-02,1.007087979660322222e-02,5.528809362626476570e-03,-2.255438849967727685e-02,4.108213581100245149e-02,-2.436937527140245474e-02,3.801134115099483179e-02,2.991961621166042487e-02,-3.262011451692149733e-02,1.000000000000000000e+00
-2.429421482930495951e-02,7.437114235473307744e-02,7.097099583934663586e-03,8.345907477897880622e-03,-1.836269701351694525e-02,2.282416943440913198e-02,-2.357800009275028141e-02,3.148866644957244720e-02,1.306207845163245840e-02,-2.986198091099381835e-02,1.000000000000000000e+00
-2.019616373906101686e-02,7.209022347484955739e-02,1.752361170343963784e-03,3.555677675418882425e-03,-1.205490973548704187e-02,-8.026400303698423555e-04,-1.309107670770344803e-02,1.077814263544796432e-02,2.084245206136346035e-03,-1.857882128618972353e-02,1.000000000000000000e+00
-1.216714396457833913e-02,6.584073759125816383e-02,2.744476554094852500e-03,-4.871936634704022301e-04,-7.099657511204905333e-03,-4.703551656322649266e-03,8.485060957060521977e-03,-8.828062479569420001e-03,4.909270281514218487e-03,-1.178550859223221128e-02,1.000000000000000000e+00
2.330574638724736483e-03,6.161023949498953267e-02,1.035190667686442315e-02,1.283460730787658668e-02,-5.704369388999091552e-03,6.630784555727510694e-03,2.914304364984177109e-02,-2.162336672978201757e-02,2.089394698481773088e-02,-1.837481699468439950e-02,1.000000000000000000e+00
1.803249431860225530e-02,5.485894409173467517e-02,2.378179377935036795e-02,3.092786437734078991e-02,-8.464765449376777939e-03,1.030370240119294831e-02,3.717592351316630073e-02,-2.983524274514294528e-02,4.148337896639812949e-02,-3.153145471258925192e-02,1.000000000000000000e+00
2.351761308488758279e-02,4.458481340096177858e-02,3.105456023639011076e-02,3.686794901197303770e-02,-1.467876937618615291e-02,4.053492803383674375e-03,3.450460374125553786e-02,-3.459135318185459218e-02,5.499172819194775297e-02,-3.724236650732330733e-02,1.000000000000000000e+00
1.950399569623900708e-02,3.157907161757037701e-02,2.120363012476040449e-02,3.038793739521605808e-02,-2.667697461164821038e-02,-4.824192118291180387e-04,2.736139013361173211e-02,-3.702585222783948138e-02,5.844685388499459150e-02,-3.678633374277523460e-02,1.000000000000000000e+00
1.437104158887700725e-02,1.906639320134000809e-02,3.045998004512788862e-03,1.352405314265724828e-02,-4.197760144505423285e-02,1.248958188850686490e-03,1.870685245077091663e-02,-3.586575012970782961e-02,5.746252701940629537e-02,-3.711540638267486758e-02,1.000000000000000000e+00
1.461209128394301560e-02,1.539462568779109176e-02,-6.530898670963628666e-03,-4.985413111909944156e-03,-5.424241867283258189e-02,9.135078066152768628e-03,1.612923366721545279e-02,-3.321644948306834433e-02,5.149487679072856788e-02,-3.756555140151145167e-02,1.000000000000000000e+00
2.114390350743022146e-02,2.333634472123150699e-02,-5.220973311008004353e-04,-1.768086397419467437e-02,-5.734371166715721002e-02,1.550382397463876370e-02,1.909958675250113952e-02,-3.295731677867590192e-02,3.651276385172066985e-02,-3.043993004552342577e-02,1.000000000000000000e+00
2.834127983116222979e-02,2.942203046768020192e-02,1.234980723512804635e-02,-2.579081089212254679e-02,-5.064108224588832058e-02,8.093244653290400381e-03,2.123740098004615190e-02,-3.956405011365352054e-02,2.887391606915124323e-02,-1.629286529986016460e-02,1.000000000000000000e+00
2.744396203860150277e-02,2.709086882966535437e-02,2.115748173761827430e-02,-3.326244233878855594e-02,-4.181778446158089524e-02,-7.936624230101101130e-03,2.586266063609015883e-02,-4.076264958354955392e-02,4.123090975773226891e-02,-5.921859310541757043e-03,1.000000000000000000e+00
9.512476498109231557e-03,2.091196503231102649e-02,2.467277602901430528e-02,-3.622706068602996043e-02,-3.175083560728621940e-02,-1.566765142948366857e-02,3.137768950144208258e-02,-1.446586182702844225e-02,5.262570143055374239e-02,3.692186831268619990e-03,1.000000000000000000e+00
-1.583683179363928190e-02,1.622187555693749977e-02,2.563335359315317002e-02,-3.331919916939093951e-02,-2.170302238228208683e-02,-1.449427417199130284e-02,3.266682151130475414e-02,2.015442978724275164e-02,5.355812447981305596e-02,1.350669901235595702e-02,1.000000000000000000e+00
-3.321586922786550627e-02,1.336694197309715691e-02,2.686633591826033049e-02,-2.894209972663551456e-02,-1.786462688527953521e-02,-1.547087406833772341e-02,3.109733295710058465e-02,4.021581092188594719e-02,5.174480445103042670e-02,1.633889354945228592e-02,1.000000000000000000e+00
-3.918429490011540728e-02,1.307093297565515601e-02,2.642971161698394814e-02,-2.104158480540242737e-02,-2.442494911467959356e-02,-1.644340059511131824e-02,3.333226402599003685e-02,5.113315102341416118e-02,4.844964418241932969e-02,9.131082439638902107e-03,1.000000000000000000e+00
-3.312759772653270374e-02,1.403003408329094037e-02,2.381157846265312059e-02,-1.141737367406981882e-02,-3.780510109994625334e-02,-1.002258595658102845e-02,4.284148016252756208e-02,5.660206544111813509e-02,4.386289417164865312e-02,1.825310447647221501e-03,1.000000000000000000e+00
-1.539740394576412201e-02,1.274741388483637689e-02,2.061913688964094049e-02,-5.352972896193845809e-03,-5.147679895284097001e-02,2.153333680446147674e-03,4.911426812664732716e-02,4.842498869112364657e-02,4.214800392645973171e-02,1.041912152764658261e-02,1.000000000000000000e+00
5.875051990907419544e-03,1.839222979037780439e-02,2.166208511256188449e-02,-8.111642300971343839e-03,-5.878685283223709229e-02,1.307460538383301354e-02,5.265741273315820148e-02,3.300829587714397551e-02,4.607158223724504287e-02,2.742790715652973499e-02,1.000000000000000000e+00
1.733900209443805379e-02,3.552372006266342475e-02,2.433455224205958306e-02,-2.562003548665839001e-02,-5.556767841881930792e-02,1.297441307167431640e-02,6.410724316641829013e-02,1.857800084840186688e-02,5.411665735179095604e-02,3.013663119388501274e-02,1.000000000000000000e+00
1.880414913671709168e-02,4.621128560881482272e-02,2.126037059028825643e-02,-4.933922674409216974e-02,-4.450051082580713802e-02,-2.443216213363422207e-05,7.859854732995009974e-02,1.194992524265999292e-02,6.434004211482860502e-02,1.659792552427206969e-02,1.000000000000000000e+00
1.740559524712589554e-02,4.842958884484568211e-02,1.238401287145905923e-02,-6.353700606867068723e-02,-3.493421757080893142e-02,-1.405642794320260264e-02,8.055771783118051421e-02,1.866539383097194291e-02,7.564031711729343743e-02,4.837019377859850741e-03,1.000000000000000000e+00
1.495476522856162976e-02,5.090120968734475337e-02,1.172129877406777321e-02,-6.583359838778862771e-02,-3.701927975954177885e-02,-2.294717301821772720e-02,7.610449054207510389e-02,3.267352199899312137e-02,8.335712277898960076e-02,-1.918455718686793571e-03,1.000000000000000000e+00
1.317683619886748404e-02,4.786049993354281329e-02,2.522146387440037107e-02,-5.403828649906639719e-02,-5.095414247275764641e-02,-3.221384388188298920e-02,7.608887147724024969e-02,4.527257178641148905e-02,7.690373075664989899e-02,-6.864390360071875689e-03,1.000000000000000000e+00
1.346796994820945517e-02,3.632009597194359174e-02,4.607448418165625836e-02,-3.377054246068743326e-02,-6.257130311182157456e-02,-4.260539629908344228e-02,7.907709750828235962e-02,5.407203907178749491e-02,5.471238208830694200e-02,-4.859968307539284937e-03,1.000000000000000000e+00
1.511004002088142152e-02,3.034503084822393754e-02,6.656720080902971126e-02,-1.954658332654249028e-02,-5.748243852796495329e-02,-4.282773573942966205e-02,7.950153383567742926e-02,6.538745150556340979e-02,3.973062093806355860e-02,5.494734098860250965e-03,1.000000000000000000e+00
2.373751390652436427e-02,3.513915647003484216e-02,7.763794896627840281e-02,-1.093838815365249552e-02,-3.208570715177223864e-02,-2.670144038182371837e-02,8.208012968488094530e-02,7.886966229993909450e-02,4.866874417807451336e-02,1.623549828446576443e-02,1.000000000000000000e+00
3.731203313690166501e-02,3.835151526641917413e-02,7.367269431795631096e-02,4.765322427274790856e-03,1.119992784850148623e-03,6.055715723836567650e-03,8.394758359053819397e-02,8.580313704513642392e-02,6.987440236352905620e-02,2.328200647336146900e-02,1.000000000000000000e+00
5.045715510170337148e-02,3.322532541003252182e-02,6.110541647047977587e-02,3.567637831755462313e-02,1.737734590819367889e-02,4.023521197971764024e-02,8.730048576277592287e-02,8.429243447600150152e-02,7.805942755314680681e-02,1.987520804800783220e-02,1.000000000000000000e+00
5.996595452623822153e-02,2.759857575282545494e-02,5.578170521992576597e-02,6.793355572045212121e-02,2.272750479248696054e-02,6.138130153078447115e-02,1.122882972184011396e-01,8.624852618824534189e-02,6.741093662175788592e-02,1.414817674248274038e-02,1.000000000000000000e+00
5.672856140850401907e-02,2.518999047613983480e-02,5.661856088532728898e-02,7.612095202107102554e-02,2.304537536401020034e-02,6.363159677582730378e-02,1.384441852609414325e-01,8.985263460286824211e-02,4.966025816555504763e-02,1.242245553415133666e-02,1.000000000000000000e+00
5.082811004129052235e-02,2.451656540727593925e-02,7.074298183377657201e-02,7.372708497539560979e-02,2.615512484629579221e-02,5.992848280618515155e-02,1.568400673862817007e-01,9.259431252068267559e-02,4.779351444209042205e-02,2.292824077937733601e-02,1.000000000000000000e+00
5.331491954290192709e-02,1.729643671455718956e-02,9.469772603799506139e-02,7.008547133188539058e-02,3.745616080701029416e-02,5.952041278463957030e-02,1.626052760931258889e-01,9.457454068159774907e-02,5.671179660032092673e-02,4.536592574787626925e-02,1.000000000000000000e+00
6.018120226614279145e-02,1.183023474531392019e-02,1.070211070623635907e-01,5.573485051408590130e-02,4.577506254690488080e-02,7.115200046379739629e-02,1.400932717415395434e-01,8.632718863159981326e-02,5.808442084801498928e-02,6.658499000850112703e-02,1.000000000000000000e+00
4.038203446038907823e-02,7.112525955752159457e-03,8.312845626325200687e-02,2.280229927387557656e-02,2.454356715960594876e-02,7.169572678290905832e-02,1.163433489586512964e-01,4.762749608125995543e-02,3.742585102382283563e-02,5.137525276003884755e-02,1.000000000000000000e+00
7.952376103720626421e-04,-2.664883310260383192e-03,4.183923630659423104e-02,-1.767496656799722940e-02,-1.908023347822555491e-02,4.282118937392111885e-02,9.451253089937430851e-02,-1.099466588184928179e-03,-3.204873754907919606e-03,8.442735662826002241e-03,1.000000000000000000e+00
-4.989833190587888295e-03,1.909031307512558048e-02,3.103218252676881450e-02,-1.409870630575632729e-02,-2.356899873150076347e-02,4.112334025206795807e-02,9.002810282464077107e-02,-7.078163553462493013e-03,-1.684613707426409895e-02,8.150469072829499839e-04,1.000000000000000000e+00
9.350010131477688724e-03,4.840139232649569995e-02,3.720973395356031582e-02,2.068768791756867356e-02,2.663993894534096019e-03,5.724201474445055060e-02,8.392895964917913842e-02,1.709883850571052369e-02,-9.358273486424826919e-04,2.141482759794284887e-02,1.000000000000000000e+00
5.485840988570349352e-02,1.064705148009036373e-01,8.732755507234671311e-02,8.427307344504872400e-02,6.349924773908538489e-02,1.180829530817134043e-01,1.130822600795288596e-01,7.631103693500694563e-02,6.548525869069898864e-02,8.155564824565791904e-02,1.000000000000000000e+00
5.972713881625893451e-02,1.246835527935657717e-01,9.787349323215110974e-02,8.686717550716768765e-02,6.983421761874661349e-02,1.352365554458527797e-01,1.050984151640080855e-01,8.398909707966289995e-02,8.734208791124953297e-02,1.003578128103103095e-01,1.000000000000000000e+00
7.297052579058266319e-02,1.365838263840835065e-01,1.009824649971963750e-01,8.378415768073362024e-02,6.891241196791053625e-02,1.229720894284055122e-01,9.813755267657378600e-02,7.135584388977235515e-02,9.463666796683221916e-02,1.141098493521402607e-01,1.000000000000000000e+00
8.909551215501435029e-02,1.330439095768073121e-01,1.093007836024532387e-01,9.166319365869041169e-02,6.732774400902342971e-02,9.063508845287075733e-02,9.485628218364289266e-02,5.429868032737755063e-02,9.250717743487665845e-02,1.178022776376342895e-01,1.000000000000000000e+00
4.185276141099075059e-02,6.839500295956296716e-02,7.475007988392870506e-02,5.313336788621055018e-02,1.496280133897190216e-02,1.807146946865794898e-02,4.071720181270953309e-02,-8.793158378504271899e-03,3.337392102471116451e-02,5.557554716423897256e-02,1.000000000000000000e+00
1.047505157104109685e-01,1.214925837194171382e-01,1.397747838184622005e-01,1.105552098928270360e-01,6.119491663261963227e-02,6.305562923605625980e-02,9.533989931516957672e-02,4.352629911830094289e-02,8.261716124873751121e-02,1.038964726817230289e-01,1.000000000000000000e+00
1.184089612286017973e-01,1.227294966559180633e-01,1.406450472692328535e-01,1.104918272616099567e-01,6.916087541323026611e-02,7.223783376638610865e-02,1.192833374904705285e-01,5.626119210122441927e-02,7.779281774569353491e-02,9.804720283244201806e-02,1.000000000000000000e+00
1.213213877779394378e-01,1.156297545394142506e-01,1.254821493148242650e-01,9.901730114963204488e-02,7.174032001838023809e-02,7.723132031718912827e-02,1.367959585964560743e-01,6.984290827195382967e-02,8.416371007311727881e-02,9.181526967132741524e-02,1.000000000000000000e+00
1.134095058134614586e-01,1.128610346759872235e-01,1.114595797272347893e-01,8.452897252430051356e-02,6.258683258144251416e-02,8.346522072024842309e-02,1.429446480397384978e-01,8.217940144286663140e-02,1.069921107196361160e-01,9.463317132921741925e-02,1.000000000000000000e+00
1.082460214783066421e-01,1.098787890488832075e-01,1.063867493233896233e-01,7.614064933889595765e-02,5.254582779142445703e-02,8.910198813127213902e-02,1.449556350231156476e-01,9.018780770044729223e-02,1.219151011504457094e-01,9.604459100023871043e-02,1.000000000000000000e+00
1.115568386358384567e-01,1.026853919062829523e-01,1.072662174089178549e-01,8.157470412539677418e-02,4.461108091078246074e-02,9.500500049675426883e-02,1.408400357082584264e-01,9.593461933730490498e-02,1.245062138300989385e-01,9.141308863327127221e-02,1.000000000000000000e+00
1.227743224330668653e-01,9.532598044785123292e-02,1.076873183447805277e-01,9.818729964709929647e-02,3.140545987174752501e-02,1.102541591206870897e-01,1.246090113465731508e-01,9.232318493736463294e-02,1.237224427795753923e-01,8.887646132098883656e-02,1.000000000000000000e+00
1.425396439153665817e-01,8.864053773264922442e-02,1.019182453262411914e-01,1.091574309933630998e-01,1.861396148231922454e-02,1.381336979264821407e-01,1.017115554028134444e-01,7.514934552423119252e-02,1.267854339541966135e-01,9.195587350471061405e-02,1.000000000000000000e+00
1.483506371326608897e-01,8.291828330981279582e-02,9.503458486531572713e-02,1.113486686335824066e-01,2.085738013053907783e-02,1.610846592697722235e-01,9.427681896236610182e-02,5.545476393607595700e-02,1.297184418317937626e-01,9.490021114975102923e-02,1.000000000000000000e+00
1.193397946537784748e-01,8.000792141323942452e-02,9.924195206831032401e-02,1.086445939665222626e-01,4.229115901151023205e-02,1.562744491514771739e-01,1.170208448611736313e-01,5.376833416433234730e-02,1.261285578295467114e-01,9.054619397351143517e-02,1.000000000000000000e+00
7.646058949205583599e-02,6.994069083209542015e-02,1.186930570157790910e-01,1.109529514051133259e-01,6.859576280074149157e-02,1.329763935383912465e-01,1.465957538535591631e-01,6.754704860131591215e-02,1.221834781238375633e-01,7.828220074396828598e-02,1.000000000000000000e+00
4.936981415218739955e-02,5.951081298506112616e-02,1.367965380683198451e-01,1.144060515853343174e-01,9.195089283085340626e-02,1.150864168532943349e-01,1.562125164102568520e-01,7.217133528221048033e-02,1.253237498549567563e-01,6.933884195035187881e-02,1.000000000000000000e+00
3.960638238966396329e-02,5.953784804928562158e-02,1.432632873367676307e-01,1.088181586516020621e-01,1.126737903592560514e-01,1.082214132751140034e-01,1.488025889641147181e-01,6.249382286314378310e-02,1.274480416969531738e-01,7.625682734090329096e-02,1.000000000000000000e+00
3.550180250072691029e-02,6.973552247288619665e-02,1.357811136162970500e-01,9.512280496378996975e-02,1.224452095631811815e-01,1.075947757429313451e-01,1.357161889613464067e-01,5.478117700369414256e-02,1.264601921362624171e-01,1.003182531050615250e-01,1.000000000000000000e+00
3.875752064356912524e-02,7.665345035801798823e-02,1.210312383853039409e-01,7.662050835022451989e-02,1.213902513583205861e-01,1.091698833118953244e-01,1.277440522525990496e-01,5.554246881227975496e-02,1.279654545552659506e-01,1.237497686245256912e-01,1.000000000000000000e+00
5.673821200200988846e-02,7.370177940570737940e-02,1.109146041670450999e-01,6.112672328723177395e-02,1.150334669529851084e-01,1.085766576658470234e-01,1.248606397514552546e-01,5.728862385638884558e-02,1.283942432285108681e-01,1.322078345768697150e-01,1.000000000000000000e+00
8.186787669269560141e-02,6.611372717734725901e-02,1.081431610094282791e-01,5.655212861576924821e-02,1.050527293673267359e-01,1.055803959688524640e-01,1.229989409641857045e-01,5.750743676037774199e-02,1.230780781562597626e-01,1.228977542572008697e-01,1.000000000000000000e+00
9.209849846551704244e-02,5.988906112104773471e-02,9.744325540928305829e-02,6.763103055730701474e-02,9.003588305105221512e-02,1.075382512163483989e-01,1.195997010256637377e-01,5.581327923768893140e-02,1.186398007353133277e-01,1.145532667495224310e-01,1.000000000000000000e+00
8.531132032305141499e-02,6.174383555454343586e-02,7.349296393325259469e-02,8.189912185191905447e-02,7.430169225946110789e-02,1.109966321576364573e-01,1.167987131952481633e-01,5.770306308499842385e-02,1.200327751666013798e-01,1.162821255031442347e-01,1.000000000000000000e+00
7.443937704348742301e-02,6.987993676774370555e-02,5.570140471451603958e-02,9.156320853698965423e-02,6.673820658095142022e-02,9.750341235978646215e-02,1.157994386438425671e-01,7.233478778339093307e-02,1.150422032709652320e-01,1.196485784912715150e-01,1.000000000000000000e+00
6.569175447084904529e-02,7.958305502209526983e-02,4.174745018692949117e-02,9.665927561353326869e-02,6.967178107381002961e-02,7.054765387169630031e-02,1.099160361947873477e-01,9.201520481104952243e-02,1.004239910727008633e-01,1.218000349872307986e-01,1.000000000000000000e+00
6.202134033620716053e-02,8.159349995857104187e-02,1.860168646578876095e-02,9.351725081590495092e-02,7.431142234996845897e-02,4.532674091201647354e-02,1.017101300070252928e-01,1.062599032990401010e-01,8.186410613735221886e-02,1.234247740691904183e-01,1.000000000000000000e+00
6.031245123448081974e-02,7.498193959684582022e-02,6.150891773365644438e-03,8.535162423668146703e-02,6.767744219440674502e-02,2.618532889576038331e-02,9.205241268782198005e-02,1.162636897020545845e-01,6.122022232658860807e-02,1.130682510952941422e-01,1.000000000000000000e+00
5.432279174691437978e-02,6.868145546481103925e-02,1.672382465020542594e-02,8.465620412694105368e-02,5.587976952895291893e-02,2.799809992589157373e-02,8.287925339862398100e-02,1.221153622854393161e-01,5.116290722594110663e-02,8.737142229939184879e-02,1.000000000000000000e+00
4.761457509962366275e-02,6.836257706584425442e-02,4.153817256435363842e-02,9.476782572962533235e-02,4.815976722650929659e-02,4.251982758816019725e-02,7.639377832742189067e-02,1.173132842627735428e-01,5.701364328981239210e-02,6.250817453323095907e-02,1.000000000000000000e+00
3.456238216605847513e-02,4.882371988946034025e-02,4.799532692707427634e-02,9.343509122340247497e-02,3.180741704357546717e-02,4.362004779675132671e-02,5.796627686114656786e-02,9.101033981431987108e-02,4.864608220324083410e-02,3.926508249121465899e-02,1.000000000000000000e+00
1.587534029640261246e-02,1.622321396376736474e-02,3.399458633487435766e-02,7.601258474552789746e-02,1.667150622424417444e-02,3.960502157280020724e-02,3.547928845856002100e-02,5.746286711513477752e-02,2.680150868201312125e-02,2.200410157278175072e-02,1.000000000000000000e+00
-6.791171050667895587e-03,-1.243299779134911416e-02,6.462016977024729464e-03,5.133226973265942600e-02,2.050911328397247643e-03,3.586610478168028582e-02,1.914310491770346984e-02,2.998923932580364882e-02,3.071847622139185600e-03,9.360531569057424506e-03,1.000000000000000000e+00
-1.672866665586865420e-02,-2.008157108419775239e-02,-1.055191833542092755e-02,4.317558875823272052e-02,7.663003301619539069e-03,4.178175790585193089e-02,1.942854932896275963e-02,2.110352129038075772e-02,-1.465804204848019862e-03,8.601546471285623219e-03,1.000000000000000000e+00
-2.206644752385881342e-02,-2.229390798016325434e-02,-2.289044688200505412e-02,3.749181990842780088e-02,1.766714363564984847e-02,4.470485353880511437e-02,2.477041728492707442e-02,2.201439351812669448e-02,2.178680720789156339e-03,1.237102785622084915e-02,1.000000000000000000e+00
-2.656122759796950700e-02,-2.373906932573438891e-02,-2.607332712880489414e-02,2.831037204918908368e-02,2.783846485134459578e-02,3.783985848154234471e-02,2.886700526536952957e-02,3.071859989726689194e-02,1.013152278153123947e-02,1.804487158249896972e-02,1.000000000000000000e+00
-3.144702197068652283e-02,-2.147200106185415125e-02,-1.616262854262433268e-02,1.945833532123408122e-02,2.855326609667552945e-02,1.688631094338209973e-02,2.815699214710557299e-02,3.881479825366693226e-02,2.544206820214109724e-02,2.379413604305732205e-02,1.000000000000000000e+00
-3.043987328620894814e-02,-7.448541227976513898e-03,2.563358825505689803e-04,1.700607589321034840e-02,1.780485159330749689e-02,-3.123644469370566792e-03,2.353461879190739403e-02,4.705571595094978909e-02,4.902613871624961206e-02,3.471053853582075494e-02,1.000000000000000000e+00
-2.512798470423626557e-02,7.129730132230556287e-03,-6.082762959830519123e-03,1.810029493125890968e-02,-9.097466593837706672e-03,-1.686764714897972736e-02,5.340777498768316256e-03,4.655296269705077455e-02,6.148113000293895652e-02,3.820254233172083735e-02,1.000000000000000000e+00
-1.064103766527128153e-02,3.076685510833505194e-02,-2.485450422158504147e-02,2.644329626022584590e-02,-3.011103334352832617e-02,-2.125030716443154083e-02,-1.630242328952624664e-02,4.244988359223877961e-02,6.858573120266196754e-02,2.814595965702897107e-02,1.000000000000000000e+00
-3.256531382167757518e-03,5.254779415652319208e-02,-3.508196983467341823e-02,2.746570220894619524e-02,-3.361075207789244318e-02,-2.089091040552911588e-02,-2.898696458876027365e-02,3.476166645096248620e-02,7.501043436739514292e-02,1.277694871858237567e-02,1.000000000000000000e+00
-5.242084042990884443e-03,6.089087568817591611e-02,-2.374859058935516534e-02,2.293067171957321668e-02,-2.487918837614581241e-02,-1.309706376488392957e-02,-2.061819883063861075e-02,2.814114160026218170e-02,7.852029393972759230e-02,2.564623799642452330e-03,1.000000000000000000e+00
-1.183802400593690803e-02,6.394008872497555784e-02,5.549271217399216402e-03,2.410590720975752665e-02,-3.953412735460924698e-04,8.812999464159726459e-03,1.236995555592311676e-02,2.600437915721241777e-02,7.997993105709785833e-02,-7.225624292248565561e-05,1.000000000000000000e+00
-2.605406063387979282e-02,5.935905186466933908e-02,2.618429057938082699e-02,2.442823606690971289e-02,3.299400224730125036e-02,3.722311887865313584e-02,4.614830975510736399e-02,2.319418548686588352e-02,7.305963041934530888e-02,-3.038557816982142418e-03,1.000000000000000000e+00
-3.771893451079888493e-02,5.580907310314697778e-02,3.182307556600084270e-02,2.071489625792218708e-02,6.352745541782035821e-02,6.789246783833988164e-02,6.807232431388073046e-02,2.844779704040560631e-02,6.926364234975074252e-02,8.660467651845613762e-03,1.000000000000000000e+00
-4.701543307374896064e-02,4.563074787735298815e-02,1.625167916575843627e-02,-8.618307363725805081e-03,6.545206959891881893e-02,8.604920257018792984e-02,6.192683782618545879e-02,1.765568917712207614e-02,5.985497913686579907e-02,2.771059687771212227e-02,1.000000000000000000e+00
-5.311869099858788912e-02,2.589437837105924844e-02,-1.709136807026789134e-02,-5.637323422156839681e-02,3.751670798238314342e-02,7.624913920446442506e-02,1.477366394625093983e-02,-2.280514229448387525e-02,3.722579755551986419e-02,2.287007654027719758e-02,1.000000000000000000e+00
-3.975920818775600940e-02,2.374915387041294859e-02,-3.111730971114423303e-02,-7.127363071348445656e-02,3.194773133427947220e-02,6.666043877966033870e-02,-2.586446348948986951e-02,-4.257050317943254780e-02,3.641317934409426388e-02,5.209156834790933804e-03,1.000000000000000000e+00
-2.252050376772084250e-02,2.973086408053997320e-02,-3.006335656285693408e-02,-5.422513593474201365e-02,4.546132633781474475e-02,6.681758042380481211e-02,-3.961124191011160950e-02,-3.987103545080124267e-02,4.670110311935837810e-02,-3.164704097023086568e-03,1.000000000000000000e+00
-2.139128064641188445e-02,1.818598874238621863e-02,-4.611163231339557994e-02,-3.790664829784197443e-02,4.039779870691729419e-02,5.459298285472119483e-02,-4.866721603953592934e-02,-4.662559668963070503e-02,3.216233996909408782e-02,-2.070654866114269438e-02,1.000000000000000000e+00
-1.293939675436185308e-02,1.902596440442654371e-02,-6.287240866156035279e-02,-1.627814166173580795e-02,4.152417550344929265e-02,4.971406002360577447e-02,-3.756402002648930732e-02,-4.624594092838096859e-02,2.173692946698729464e-02,-2.851547770457744588e-02,1.000000000000000000e+00
-8.918052586892585842e-03,2.600380282959281406e-02,-7.887331394456642553e-02,-7.786511555145481100e-03,4.084399602809322266e-02,3.994788193263855425e-02,-2.202422214931182287e-02,-4.858183543822695155e-02,1.320754427179987242e-02,-3.199579560540966039e-02,1.000000000000000000e+00
-1.168109656211157102e-02,3.242853485443829287e-02,-8.069213009505184220e-02,-6.729118451144645158e-03,2.753447380246418913e-02,2.615579823877315843e-02,-7.743328013522267350e-03,-4.872768406243577211e-02,3.247780184867737896e-03,-3.417319580003050361e-02,1.000000000000000000e+00
-1.125292845411903983e-02,4.281923685473180974e-02,-5.749628889433047035e-02,2.857072854698310821e-03,1.315528654124917957e-02,1.781629095592458106e-02,1.163984475385549874e-02,-3.503783582032699018e-02,3.228591728694080176e-05,-3.067412221886697821e-02,1.000000000000000000e+00
-9.172596842305492590e-03,6.207927628763443284e-02,-2.291604640369352894e-02,1.897480026261649799e-02,1.487808446916150801e-02,1.942527908637655190e-02,3.386607388851799183e-02,-1.167849381523077858e-02,1.925336774831129527e-04,-2.081223735954006171e-02,1.000000000000000000e+00
-1.201989454060040270e-02,7.407854221625692626e-02,-3.632232186368312271e-03,2.293074655075139079e-02,1.819511493584023698e-02,2.780126102493174836e-02,4.670055176584386736e-02,2.141215284658118390e-03,-9.644561596519768756e-03,-1.728419972241328900e-02,1.000000000000000000e+00
-8.956816886535719224e-03,3.007146194316335022e-02,1.303906730033664238e-02,3.551671852279118108e-02,6.458144366640987399e-02,4.443325626756507163e-02,1.268774392553810061e-02,1.024820248244822860e-02,5.644785810125148989e-02,-3.917604877716140965e-03,2.000000000000000000e+00
-7.139235577667307070e-03,2.660557090332761263e-02,1.133263287079230505e-02,3.426098419164252257e-02,7.396830024695255634e-02,4.498873566752716047e-02,9.620815262207064664e-03,2.927689905014640298e-03,4.289256971298519711e-02,-2.577925954504102501e-03,2.000000000000000000e+00
-1.089305647857856385e-03,2.432679946502049398e-02,1.204867730005962714e-02,4.248961130705670997e-02,7.330727695185038084e-02,4.330712385794243530e-02,1.011686286016694192e-02,-4.259684602215238307e-03,3.392255649640296689e-02,3.214300353266280608e-04,2.000000000000000000e+00
9.595784542345983659e-03,2.074040187629298815e-02,1.523935300530936988e-02,5.450320275235313178e-02,6.734759976224267974e-02,4.239002453128565967e-02,1.496062767628827950e-02,-1.015231073908320035e-02,3.011849047802231394e-02,4.568185196263986614e-03,2.000000000000000000e+00
1.959901974320322343e-02,1.484299231549260356e-02,1.730893725508449513e-02,6.505949308781965035e-02,5.572009842036292765e-02,3.448513391022237085e-02,2.406325749781453374e-02,-1.452831390009742991e-02,2.700641300474133227e-02,1.301058535523149165e-02,2.000000000000000000e+00
2.708859867795508636e-02,7.610827564106597068e-03,1.735417609330632688e-02,7.331344108064827281e-02,3.922774294662409456e-02,1.790912477735436686e-02,2.934376749847847354e-02,-1.953534788470904365e-02,2.325075968417773808e-02,2.182260755538361491e-02,2.000000000000000000e+00
3.225116551882720173e-02,-3.601560579460753864e-04,1.635524384330605194e-02,7.514845210030096645e-02,2.585143631568942446e-02,9.635348725689184268e-04,3.006657770481201142e-02,-2.552448795251260893e-02,2.215487357769223287e-02,2.308285654622244110e-02,2.000000000000000000e+00
3.105813016958306610e-02,-9.029738363118053682e-03,1.748228905446617965e-02,6.980668442258153306e-02,2.197925934788960006e-02,-1.091505101305044814e-02,3.166528771527934299e-02,-3.285633760896786160e-02,2.607896451892614820e-02,1.454219995474625125e-02,2.000000000000000000e+00
2.369313248738882591e-02,-2.015643571997692562e-02,2.139582695625409647e-02,6.192489371877866328e-02,2.545207327530856975e-02,-1.752258529576566567e-02,3.594789567496529947e-02,-4.182471115346951540e-02,3.294848852962950492e-02,6.338689782684307772e-04,2.000000000000000000e+00
2.020338999629497576e-02,-3.056310276101367046e-02,2.705997842282283072e-02,5.601419322372321041e-02,2.847009817124163816e-02,-1.724016794387007306e-02,3.598533711832693771e-02,-5.043464095831472899e-02,3.635297378141211927e-02,-1.595692982369610602e-02,2.000000000000000000e+00
2.228414492449475731e-02,-3.175706513447340562e-02,3.162534181425108448e-02,5.099408108606984236e-02,3.237444926811009621e-02,-9.082644216077968846e-03,2.731523344594042127e-02,-5.624757880382548481e-02,3.213990128127840185e-02,-3.212383404371255136e-02,2.000000000000000000e+00
2.201666792377264883e-02,-2.182117401503854554e-02,3.039961448575680125e-02,4.682981776741620278e-02,3.985825498008903345e-02,1.023255379386035432e-03,1.870011833034511753e-02,-5.642381193117053384e-02,2.533623986847121159e-02,-4.243752412409396157e-02,2.000000000000000000e+00
1.894223771977460863e-02,-7.012937386163240611e-03,2.012872325345868574e-02,4.619566354868694102e-02,4.790258608567754539e-02,4.291456813021586603e-03,1.272404625084813494e-02,-5.679116516218003785e-02,2.149578078055585859e-02,-4.290394347166577582e-02,2.000000000000000000e+00
1.562986986617884849e-02,9.765506244204023509e-03,3.334227688141021100e-03,4.755819532915718517e-02,5.103502017851255929e-02,-4.973098277500080655e-03,4.187749055176407872e-03,-5.892064203513600051e-02,2.031379228740604406e-02,-3.019032633814352704e-02,2.000000000000000000e+00
1.413254188632317825e-02,2.564341540527476787e-02,-1.121061191346625283e-02,4.615078562436657206e-02,4.703179952483330095e-02,-2.134067781117048729e-02,-8.056958914803027949e-03,-6.084941433408691536e-02,1.850826618865820603e-02,-8.974651862717862583e-03,2.000000000000000000e+00
1.647177895504268672e-02,3.846749255556560637e-02,-2.052178054854392544e-02,4.444451486913517102e-02,3.890582139217026864e-02,-3.528514442366711967e-02,-1.993175951014229327e-02,-6.423874046291139228e-02,1.646456810430167034e-02,1.109973324967601996e-02,2.000000000000000000e+00
2.198667648244544484e-02,5.052965031053104072e-02,-2.755822925260829892e-02,4.788725729612468285e-02,2.724798350650575740e-02,-3.851393541273122334e-02,-2.567656601237359310e-02,-7.032495497605339985e-02,1.483911906823248868e-02,2.772733336766172382e-02,2.000000000000000000e+00
2.283231170414672800e-02,6.404412409614304580e-02,-3.198783462506583214e-02,5.178812821454724380e-02,1.365865313257381627e-02,-2.621780391402515897e-02,-2.186967020653102570e-02,-7.792740504679873670e-02,1.454871426003121783e-02,3.720533319231680153e-02,2.000000000000000000e+00
1.484526647680139977e-02,7.764476127033920205e-02,-3.236760408182855209e-02,4.714857047052732619e-02,4.395257242539765685e-03,-2.945535044775061256e-03,-7.345357453444799345e-03,-8.381198106888118615e-02,1.329264865362815573e-02,3.145768680602532147e-02,2.000000000000000000e+00
1.362588385767374288e-03,8.153220776764134869e-02,-2.938030068943352918e-02,3.372974466493514067e-02,5.114649966949100408e-03,2.009641568066675155e-02,1.132340679705116579e-02,-8.155356375902228505e-02,3.911871830320566568e-03,8.299851636445684799e-03,2.000000000000000000e+00
-1.249404230558917583e-02,7.017503236301782243e-02,-2.733678800557293176e-02,2.164759549780397030e-02,1.627555448675810368e-02,3.176372104981553535e-02,2.154524689039187882e-02,-7.021873921597047985e-02,-6.734745611717034980e-03,-2.240209418778087158e-02,2.000000000000000000e+00
-2.555848941904011531e-02,5.054420310087451296e-02,-2.800355964507700995e-02,1.956984862564776356e-02,2.731213730231700845e-02,3.082510352561725411e-02,1.605965736455140444e-02,-5.752152030482265976e-02,-6.004414694429586336e-03,-4.712644399474026635e-02,2.000000000000000000e+00
-3.821868361743485654e-02,3.242840605171035118e-02,-2.610383214138980307e-02,2.505169219284584040e-02,3.209771195952489109e-02,2.521979481670578310e-02,6.231481760352969475e-03,-5.213901776464047177e-02,1.764966859130887716e-03,-6.098786055869904327e-02,2.000000000000000000e+00
-4.680874425424570023e-02,1.735208302774374906e-02,-1.677369434060863376e-02,2.909439090704547815e-02,3.703653739200698375e-02,1.701111343937522849e-02,3.317187888969182208e-04,-5.603836562481630951e-02,6.333619106112704095e-03,-6.793828409107069422e-02,2.000000000000000000e+00
-4.498938869265463325e-02,3.347510604824936384e-03,-6.667428270322218152e-03,2.281435852492234503e-02,3.991686070380454088e-02,5.924419451933997383e-03,-3.180188466766632749e-03,-6.283641757165706054e-02,1.252531270873020498e-02,-7.076099275133511390e-02,2.000000000000000000e+00
-3.321475377209975877e-02,-7.809884087981553043e-03,-6.358757521835659357e-03,1.161635512955347740e-02,3.329297518049351146e-02,-3.686870155108351588e-04,-9.700810806398937891e-03,-6.848182516490962379e-02,2.683208980295300611e-02,-7.032889091405922222e-02,2.000000000000000000e+00
-1.855898384373842400e-02,-1.745321059484585338e-02,-1.373419052198808499e-02,1.945192209244672038e-03,2.091090716055842014e-02,-4.818080453135933916e-04,-1.589741300088341747e-02,-7.491893715467215498e-02,4.091403449853771995e-02,-6.941906882142413748e-02,2.000000000000000000e+00
-3.624312902073642106e-03,-2.817382561202646726e-02,-2.260828948182494469e-02,-6.641391073206361073e-03,8.976971827409573404e-03,8.525211763550782917e-04,-2.153430690020977090e-02,-7.808572995170234843e-02,4.899147461871679321e-02,-6.831507905925016111e-02,2.000000000000000000e+00
1.597146696608697097e-02,-3.876791088621225900e-02,-2.709149801597623280e-02,-1.444716704039905597e-02,1.517777935958706474e-03,1.780836327032055133e-03,-2.958289370896986792e-02,-7.215776568754352083e-02,5.494728693108048845e-02,-6.734894063423656208e-02,2.000000000000000000e+00
3.578994585121109129e-02,-4.703486126896138514e-02,-2.076873299393769412e-02,-2.147983629592043961e-02,-5.418774649055388328e-04,1.327427901365009488e-03,-3.683472740445276061e-02,-5.706393179907102986e-02,5.681675376553978196e-02,-6.659928860439379150e-02,2.000000000000000000e+00
4.541080581278009176e-02,-4.923197475031814568e-02,-8.767147769002225921e-03,-2.647576186771966392e-02,1.664174116762140573e-03,-5.778791085125817989e-03,-3.546496179128773990e-02,-4.076382628383056622e-02,4.987897838980718396e-02,-6.514156004391147281e-02,2.000000000000000000e+00
4.487672425509184326e-02,-4.548498365976513802e-02,-1.019853989567661573e-03,-2.877650295822941837e-02,5.479964740086123824e-03,-2.148906049918226924e-02,-2.669198096591188576e-02,-2.963997400626461332e-02,4.050104131077178482e-02,-6.529714776156779477e-02,2.000000000000000000e+00
4.203730976778222161e-02,-4.004641693514004314e-02,2.420639612408376218e-04,-3.057110130233983702e-02,1.447596900183035357e-02,-3.977436002588959768e-02,-1.586502257823876882e-02,-2.181971827685424969e-02,3.311192376435289492e-02,-6.522294656577538874e-02,2.000000000000000000e+00
4.219835863245160329e-02,-3.270081406864647905e-02,-1.332777665266540040e-03,-3.245263013950042130e-02,2.946937685931122486e-02,-5.378915670120805459e-02,-5.179118937152654006e-03,-1.229702054725549144e-02,2.581580137624091623e-02,-6.173153568781165890e-02,2.000000000000000000e+00
4.632484809923817504e-02,-2.148355177048214687e-02,-4.235383218264884148e-04,-3.412995787889658295e-02,4.491623685443649205e-02,-6.187560854683092637e-02,6.340548087036770690e-03,-1.310835103166796065e-03,2.076170916500442304e-02,-5.177266136481211561e-02,2.000000000000000000e+00
4.727663719925748187e-02,-7.162128398608217858e-03,2.267315061925057745e-03,-3.533613043010116334e-02,5.676732379219141811e-02,-6.393229058706402512e-02,1.801395060582701782e-02,1.036179190650972012e-02,2.080563114499624222e-02,-3.066447214904228016e-02,2.000000000000000000e+00
4.082599411163427561e-02,5.080073658995704414e-03,5.637956732231208350e-03,-3.783078744628418089e-02,6.508325631553305013e-02,-5.748694856988023627e-02,2.851762200972219469e-02,1.999316008778326617e-02,2.294468051875380582e-02,-1.412220771951121570e-03,2.000000000000000000e+00
3.280465617442235304e-02,1.292846189349339085e-02,1.463072583466057744e-02,-4.063321361318522618e-02,6.469477769137664536e-02,-4.079631481370894763e-02,3.729182852836368522e-02,2.609928771530076880e-02,2.249285929679399609e-02,2.253690548233644800e-02,2.000000000000000000e+00
2.875990240581428187e-02,1.722877866445112274e-02,3.203692390599472556e-02,-4.229637580201252994e-02,5.719276996353866993e-02,-2.467148792604120094e-02,4.031349020546982909e-02,2.739568404539690846e-02,2.591110398844842511e-02,3.126658603831513478e-02,2.000000000000000000e+00
2.671840582233898920e-02,2.077186696698457569e-02,4.894337841799165090e-02,-4.001463061850911440e-02,5.303633316619207894e-02,-2.277667357091378575e-02,3.612165271895506624e-02,2.120149959135361056e-02,3.696215755255014696e-02,3.255338945592199662e-02,2.000000000000000000e+00
2.231612905366532271e-02,2.396325766307910721e-02,5.723572417476596730e-02,-3.196915107156106384e-02,5.691179735663305650e-02,-3.119258722014345286e-02,2.732355241297105414e-02,7.181079815995390116e-03,4.434829909970518930e-02,4.046255754065443411e-02,2.000000000000000000e+00
1.655136857270823186e-02,3.059757835086837977e-02,5.192454144344056666e-02,-1.779722384022422096e-02,6.068709536161130680e-02,-3.551832171635573021e-02,1.407560364048538598e-02,-8.861333105866953108e-03,4.322031713129426828e-02,5.382150131296720846e-02,2.000000000000000000e+00
1.023716599648986751e-02,3.994406558320698353e-02,3.200568903100921292e-02,1.890902909553959788e-03,5.801162569987447504e-02,-2.844290645510830218e-02,4.060492873420792903e-04,-1.699476979685268785e-02,4.371560488282624779e-02,5.858334558395221492e-02,2.000000000000000000e+00
1.050597304698111002e-02,4.647881498424473456e-02,5.103152345058252493e-03,2.204963758882078073e-02,5.200245876933339007e-02,-1.680162357688377156e-02,-5.381363374191910215e-03,-1.353526467696373331e-02,5.277484948666234799e-02,4.888274803977619987e-02,2.000000000000000000e+00
2.344314906059886613e-02,5.003055257167279141e-02,-1.471122809950490933e-02,3.661905249038334420e-02,4.748234818916691191e-02,-5.155339495933278920e-03,-1.968302361864300576e-03,-1.856474972927908695e-04,6.650666650029528337e-02,3.413569320136984608e-02,2.000000000000000000e+00
5.445300104783892120e-02,6.726934218367508489e-02,2.662952474688964899e-03,5.817862720104365754e-02,6.422518457932602232e-02,2.573042883062134217e-02,1.976497730339765724e-02,3.353648722149077388e-02,9.335891731418344275e-02,3.386664228425034784e-02,2.000000000000000000e+00
9.456214120005945745e-02,1.013451593211960322e-01,6.860394779119183273e-02,9.120039969637812327e-02,1.061794817806416685e-01,7.520228314543107861e-02,5.848689416732496399e-02,8.770287778877210172e-02,1.317345119177519841e-01,4.325861258528464204e-02,2.000000000000000000e+00
1.094151150519994675e-01,1.077163570145206195e-01,1.100825407243985199e-01,8.832933242136055407e-02,1.231328294058859352e-01,8.188664190987401947e-02,7.155623140401023985e-02,1.099046572279565592e-01,1.354238364238569969e-01,2.830928973975509189e-02,2.000000000000000000e+00
1.324470386774167507e-01,9.461136398307815054e-02,1.091069210142926738e-01,7.343572164586162354e-02,1.357689276617678464e-01,6.077603217305403011e-02,8.676181239747794705e-02,1.066015373445888814e-01,1.211554101403809064e-01,6.221038396247792479e-02,2.000000000000000000e+00
1.063188766502265598e-01,5.433233688246859316e-02,7.522793567227666067e-02,5.360849177842360452e-02,1.410150085922256824e-01,5.177875774804967246e-02,1.254846133311889045e-01,7.865814098856736825e-02,1.399248666203647407e-01,1.047706230504223124e-01,2.000000000000000000e+00
7.851323492134940074e-02,3.798150652427881996e-02,6.227255440466099301e-02,6.367862065124429982e-02,1.517411506303041335e-01,5.897643704667529518e-02,1.412413227753442357e-01,8.386026022681403180e-02,1.466476388585245816e-01,1.081157084589699224e-01,2.000000000000000000e+00
6.039895156486044248e-02,4.619268804950005941e-02,4.602236598436498793e-02,9.621665747868923813e-02,1.818134275435978331e-01,6.865141005555495946e-02,1.294655151720960906e-01,1.181512689936919380e-01,1.225815958507625036e-01,1.229023018698565534e-01,2.000000000000000000e+00
5.866059447860214049e-02,8.851866169802419249e-02,6.415492397019000037e-02,1.021797748879856582e-01,1.801493971481197831e-01,8.372610845290284765e-02,7.942838970000654086e-02,1.516181035580243530e-01,8.981007562493330265e-02,9.670472264694462972e-02,2.000000000000000000e+00
5.710294966937609629e-02,1.024472824329322324e-01,8.808888314101613604e-02,9.965758721085346550e-02,1.482209092157178998e-01,9.990281159468714089e-02,8.183413352731724877e-02,1.491496871478059372e-01,8.320589689131582811e-02,8.410382408091912620e-02,2.000000000000000000e+00
4.905000356514332971e-02,9.544496560549634023e-02,9.407364800390799475e-02,1.135107114185523458e-01,1.294278010980295379e-01,1.134879668665886715e-01,9.205839243544630679e-02,1.359942529073573936e-01,7.954653784466458877e-02,8.923960312084021351e-02,2.000000000000000000e+00
4.600104366335888706e-02,8.361496199916190752e-02,9.744567800230957699e-02,1.248528305599388710e-01,1.170254359648878473e-01,1.211856989017337655e-01,9.736739240023736808e-02,1.225007688180962812e-01,8.402330930213676441e-02,9.540375754494034855e-02,2.000000000000000000e+00
4.954466207818306045e-02,7.367527719963584687e-02,1.029508783909919428e-01,1.295887350472313404e-01,1.140670255726617677e-01,1.199679817224470202e-01,1.004885970027249720e-01,1.058522932518179693e-01,9.404467097541163723e-02,9.517351532530007874e-02,2.000000000000000000e+00
5.809034067585371053e-02,6.497004408049131263e-02,1.050208906560412131e-01,1.305548416788105959e-01,1.196136161202950160e-01,1.145662002385384182e-01,1.029469957689720799e-01,8.102318718589732183e-02,1.086990790942087559e-01,9.253150983801006202e-02,2.000000000000000000e+00
6.693018161447529535e-02,5.773095157780211428e-02,9.673432016829663915e-02,1.278623151186691342e-01,1.291179271176745302e-01,1.097270957983857986e-01,1.063265863113980608e-01,5.074913708313552596e-02,1.273585433480466378e-01,9.346043260388640916e-02,2.000000000000000000e+00
7.051165323093393222e-02,5.387458811561561534e-02,8.392687910330795531e-02,1.219258968587273034e-01,1.404818470676819642e-01,1.071384226228638548e-01,1.082136318248756446e-01,2.256898696406103161e-02,1.379704594950010854e-01,1.015735449826024872e-01,2.000000000000000000e+00
6.600563086890469389e-02,5.683703980694799346e-02,7.558758565807474628e-02,1.164032696256053767e-01,1.536265338606951913e-01,1.026845133393199105e-01,1.037931781595282099e-01,2.741587868518535059e-03,1.309967745759596236e-01,1.139799283012193354e-01,2.000000000000000000e+00
5.550250543647333029e-02,6.449440224555526291e-02,7.153218481549439289e-02,1.107751836916088806e-01,1.678184716187638148e-01,9.840325844979500025e-02,9.128735224051602593e-02,-6.068893450061209338e-03,1.101479315065967968e-01,1.223597475649873811e-01,2.000000000000000000e+00
4.785296918176760311e-02,7.116291214820322231e-02,6.726071829572252692e-02,9.999159010383604218e-02,1.779453018297671163e-01,9.722237594492663670e-02,7.731165729159769628e-02,-5.810226742078861834e-03,8.671148100503912881e-02,1.186889157907476816e-01,2.000000000000000000e+00
4.801047488987657264e-02,7.694466561176438457e-02,6.234879261722747062e-02,8.426335963013618924e-02,1.782204964917675771e-01,9.365603537800483436e-02,6.497761528655698893e-02,5.087037034122079276e-04,6.803876110673161282e-02,1.043761053028363084e-01,2.000000000000000000e+00
5.410011710281011077e-02,8.317305017934509270e-02,5.863179916627817012e-02,6.727800657014404440e-02,1.677667323707780767e-01,7.896611269409417599e-02,5.646868070682122681e-02,1.028695345510783656e-02,5.786637916433869100e-02,8.361592291851907555e-02,2.000000000000000000e+00
6.626211076836228953e-02,8.277294398262827202e-02,5.701675015031835991e-02,4.765552139047049551e-02,1.529594408113628679e-01,5.434564408166367433e-02,5.575269492565517598e-02,1.657838618614947135e-02,5.798820590071416398e-02,5.946007123760855412e-02,2.000000000000000000e+00
8.007933672637543299e-02,6.948295937440468473e-02,5.496463882543473761e-02,2.866560063618816406e-02,1.367831283413946664e-01,3.249107421876087920e-02,6.045972387613689214e-02,1.572011254020591609e-02,6.458523963874213125e-02,3.680549782905196549e-02,2.000000000000000000e+00
8.413112831104965772e-02,4.907244376195288305e-02,5.146188235257413701e-02,1.758641530186185950e-02,1.183727211129465134e-01,2.212638923692794579e-02,5.959824251764562347e-02,1.419457350975997928e-02,6.724169926566445077e-02,2.180481794005822635e-02,2.000000000000000000e+00
7.278289334116670728e-02,3.324806002312913344e-02,5.042346464935681255e-02,1.689071750369760400e-02,9.558155614342814244e-02,1.917278362097338262e-02,4.977331566706973132e-02,1.615568471378230758e-02,5.868940083873202401e-02,1.685696537830661673e-02,2.000000000000000000e+00
5.392497708894120056e-02,2.589729709928900725e-02,5.073499313515809905e-02,1.941908784398837032e-02,7.168347488612265839e-02,1.620669624415584792e-02,3.442043289037191589e-02,1.872961662682121053e-02,4.481251214262535476e-02,1.687351692707136919e-02,2.000000000000000000e+00
4.038046711490955731e-02,2.159821731007039933e-02,4.873887023690254283e-02,1.731239045773060037e-02,4.829215514934612208e-02,1.059842289872194032e-02,1.767529832307321996e-02,1.787317551211448780e-02,3.713549548422744040e-02,1.878321785685157716e-02,2.000000000000000000e+00
3.806159036410973473e-02,1.541693584940132498e-02,4.472893396986525605e-02,1.189960899290388140e-02,2.271317315663549594e-02,2.903846611577793474e-03,3.206666540548015580e-03,1.266376654329604695e-02,3.703180959860696148e-02,1.602484878005483449e-02,2.000000000000000000e+00
4.017190224994218739e-02,6.477535624889129567e-03,3.961388948656999198e-02,7.822654413838357745e-03,-8.328803970597417616e-03,-4.240488594439300457e-03,-5.224585310562713039e-03,7.090561803699577809e-03,4.031542658732872875e-02,3.023834165137243707e-04,2.000000000000000000e+00
3.920889240466688547e-02,-1.005932499180244195e-03,2.816760239359171122e-02,7.132845443663285434e-03,-4.134710886240826333e-02,-5.393067447825181104e-03,-9.473437471076246938e-03,6.292478719268489173e-03,4.745112552979783432e-02,-2.327294208995826438e-02,2.000000000000000000e+00
3.663175299059975160e-02,-8.837796293510603168e-04,1.018076258408473142e-02,7.745080824673386544e-03,-6.394697823233860823e-02,4.012704539165801165e-04,-1.078500200969532800e-02,9.943364805967892794e-03,5.220651121132301176e-02,-3.644621409694817626e-02,2.000000000000000000e+00
3.941559527448668110e-02,5.206660553923473170e-03,-5.007562896100808264e-03,6.399777892817093417e-03,-6.713237234361318917e-02,5.776516770163242845e-03,-6.385208366340155116e-03,1.468832558754623770e-02,5.138523080360664352e-02,-2.887376343119921196e-02,2.000000000000000000e+00
4.856142318310084638e-02,1.067972104684335177e-02,-1.339077155470037861e-02,8.766001500054071763e-03,-5.908456882550097017e-02,5.970797795817315602e-03,4.326258171302598335e-03,1.944256520262835006e-02,4.720085922410682810e-02,-9.778372938443906370e-03,2.000000000000000000e+00
5.931251150366923658e-02,1.597121804777186863e-02,-1.259615577588477087e-02,1.649997697271943925e-02,-4.648106402954668009e-02,1.649415555742854943e-03,1.879317670138870577e-02,2.700213000761647955e-02,4.208892190096361063e-02,9.401604319268428572e-03,2.000000000000000000e+00
6.861272341601279412e-02,2.119914742057745979e-02,-1.633804924068706088e-03,2.315860262327020663e-02,-2.658053341400924002e-02,-5.316282779070774338e-03,3.088461140253237480e-02,3.808886483053249006e-02,3.583530447002206826e-02,2.419401306572095331e-02,2.000000000000000000e+00
7.671476101951864301e-02,2.615605011293816590e-02,1.164238606947812574e-02,2.304675410973435964e-02,-1.408199560089402544e-03,-8.811139619938007997e-03,3.346901223126192565e-02,5.184601124773366432e-02,3.174724804130449329e-02,3.433812024413723796e-02,2.000000000000000000e+00
8.422125379500521036e-02,3.023803889243673396e-02,1.893988776414822287e-02,1.599118522471040110e-02,1.871579090426264691e-02,-4.356786785220660707e-03,2.845694846005455622e-02,6.770776702633618527e-02,3.116280267672299348e-02,3.969190937169950889e-02,2.000000000000000000e+00
8.802588745965507500e-02,2.808017735150271713e-02,2.352847668062706121e-02,3.911405276309842804e-03,2.361904281510990994e-02,5.154214528679408255e-03,1.753985300560274851e-02,8.302769751026325973e-02,3.160951257400123476e-02,4.084260212288615133e-02,2.000000000000000000e+00
8.285869298386303039e-02,1.150292995458583600e-02,2.506836768871754245e-02,-8.206031612193694091e-03,1.281255653883652153e-02,1.220476102635005035e-02,-3.675365949341452554e-04,8.789879640474457245e-02,2.595147035243904055e-02,3.514300513290854328e-02,2.000000000000000000e+00
6.631326091251041333e-02,-1.281397237798995517e-02,2.236636158569167004e-02,-1.539476481265862270e-02,-4.360539093920259672e-03,1.695652051191440246e-02,-2.400799868079579735e-02,8.025288070515536332e-02,1.636093648802385003e-02,2.433201785993559241e-02,2.000000000000000000e+00
4.822704923653830383e-02,-3.177559003409111127e-02,2.041185590446496084e-02,-1.498143656386734246e-02,-1.601493633119794452e-02,2.271689468739503809e-02,-4.183811275598148249e-02,7.142707762293824814e-02,1.038903570437100903e-02,1.762122194109713366e-02,2.000000000000000000e+00
3.388202533054490706e-02,-4.249228784819104876e-02,1.730462179611290049e-02,-7.676784198919499660e-03,-2.522541199941780166e-02,2.606103537422061259e-02,-5.031324285704218829e-02,6.545120362883950771e-02,9.009186592853726805e-03,1.598578573208133888e-02,2.000000000000000000e+00
2.317537913193748467e-02,-4.907694021603669493e-02,1.181688696055897478e-02,3.576303210513300662e-03,-3.634138782635021325e-02,2.412546156134208822e-02,-5.485282588221559313e-02,5.597982785345267248e-02,8.396363334168949893e-03,1.160340784369708403e-02,2.000000000000000000e+00
1.746285529333193448e-02,-5.429005061950474553e-02,1.041815689217938726e-02,1.851306230610807319e-02,-4.680525143803154764e-02,2.369585699901688089e-02,-5.623370601823865500e-02,4.271316445965024633e-02,5.724507201997113687e-03,4.731836871208087991e-03,2.000000000000000000e+00
1.436715607675856030e-02,-5.769421355928689571e-02,1.422989997171046454e-02,2.972190004755166995e-02,-5.115288381417179564e-02,3.007492965369150048e-02,-5.107954735105463273e-02,2.457937247725789504e-02,2.055943694595050927e-03,2.785875583559596635e-03,2.000000000000000000e+00
1.289115387630331011e-02,-5.468288084515669084e-02,1.916100145539395561e-02,3.047388478224855035e-02,-4.631187116359603700e-02,3.597576936719620172e-02,-3.959762082213960643e-02,5.856069962873948313e-03,1.746349111611396679e-03,9.327164791219765688e-03,2.000000000000000000e+00
1.567052708715817658e-02,-3.933448288737481646e-02,2.432510215668709161e-02,1.951576757534521228e-02,-3.294829074124147605e-02,3.122268818373298560e-02,-2.227399457078590994e-02,-9.825399516709919928e-03,4.907393379467928779e-03,2.094005578740710388e-02,2.000000000000000000e+00
2.714318284262826758e-02,-1.253188924323637640e-02,3.120549367081520975e-02,2.465293560884877083e-03,-1.840942804226280288e-02,1.594303313040309339e-02,-1.400869055529420371e-03,-2.109099657329387492e-02,5.536786873959618355e-03,2.931887288239675912e-02,2.000000000000000000e+00
4.516725548072571261e-02,1.125854345500904886e-02,3.836335345566038030e-02,-1.355518708460786044e-02,-7.132361498717966486e-03,-4.333907199747770965e-03,1.859962818539797474e-02,-2.960868355510817493e-02,1.770589208353485003e-03,3.274842461907324226e-02,2.000000000000000000e+00
6.339205131065067667e-02,1.660840675704438468e-02,4.637339873642514626e-02,-2.264512680645292333e-02,1.282237699739504494e-03,-2.253972029673206867e-02,3.313648116977343377e-02,-3.621314499650902380e-02,1.842689466589244457e-03,3.461214548181588968e-02,2.000000000000000000e+00
7.727936691755449283e-02,6.035941499459735252e-03,5.571733262730661773e-02,-2.562768795653360548e-02,3.763326633110563105e-03,-3.268480706512513767e-02,4.513276835179698410e-02,-3.866327804730042283e-02,1.007423388423707433e-02,3.603179224036134887e-02,2.000000000000000000e+00
8.356691031891699817e-02,-9.613877652439484223e-03,6.216530160282102840e-02,-2.462239874997470407e-02,-1.540340528845140708e-03,-3.117472788001343989e-02,5.542269478385095094e-02,-3.648096648737556708e-02,1.953800752229985574e-02,3.355357883065510083e-02,2.000000000000000000e+00
8.014522720518042764e-02,-2.045748590498898400e-02,5.987348687281882076e-02,-2.090231327225464120e-02,-9.414279211023566032e-03,-1.812294949665867530e-02,5.580992025572927007e-02,-3.002868447881855765e-02,2.453696513450105698e-02,2.972123925889461060e-02,2.000000000000000000e+00
6.886323049518902617e-02,-2.266228232217335284e-02,4.553755656718416062e-02,-1.862018466370340963e-02,-1.278708643565518166e-02,1.219065888955282728e-03,4.511840510122155923e-02,-2.201965349057323496e-02,2.503599876958925718e-02,2.980963136993101947e-02,2.000000000000000000e+00
5.388252314350731875e-02,-1.901813159115536486e-02,2.408298100520093327e-02,-1.936684976506882622e-02,-8.473194527070730675e-03,1.757695775614138978e-02,3.708500954628315971e-02,-1.984179197317624543e-02,2.364529356536911042e-02,2.770455832377112515e-02,2.000000000000000000e+00
3.414345975217969453e-02,-1.068901792688797814e-02,2.858657140342424872e-03,-1.051124699684639029e-02,-3.160008408558557386e-03,2.336228993902137591e-02,3.819615121344468317e-02,-2.420029495246153739e-02,1.379559964770716435e-02,1.767399884838786323e-02,2.000000000000000000e+00
5.247710782873711219e-03,-2.130187285348850851e-03,-1.124106948629218991e-02,1.004783023451029898e-02,3.735175534748998855e-04,2.235281227696779213e-02,4.191941203481279465e-02,-1.965364859856672669e-02,-4.453870694311247783e-03,-1.823496605369706591e-03,2.000000000000000000e+00
2.398455373699743057e-02,-2.152677981286136785e-02,3.739789472547758176e-02,2.461002116759930178e-03,-5.426897837557803639e-02,1.976121232576190032e-02,3.336538067801578245e-02,-6.965077877529195216e-03,2.291436633944456472e-02,6.222362759791249393e-04,3.000000000000000000e+00
2.781532601148999778e-02,-2.551000508183057583e-02,3.313122930918039472e-02,-5.482607068849343346e-04,-5.016902176762889215e-02,1.679644395623909950e-02,3.728500407871566946e-02,-1.343496135350282644e-02,2.656527062228969394e-02,-8.389339199892618948e-03,3.000000000000000000e+00
3.499165594395503565e-02,-2.447315445963279407e-02,2.786167363784167531e-02,-6.472553612904153458e-04,-2.931831686151903371e-02,6.845024410065727802e-03,3.117356528906534835e-02,-3.440708870426541222e-02,2.911107615341745197e-02,-2.014224034552557219e-03,3.000000000000000000e+00
4.704597156147469206e-02,-2.456114897412099707e-02,2.553370424482628159e-02,1.968851792870936201e-03,-3.070706105113079135e-03,-6.390438964948142245e-03,2.720554537133469328e-02,-5.212635077148503049e-02,2.905650074417561596e-02,6.121692196451648110e-03,3.000000000000000000e+00
5.446017714059751130e-02,-2.687316582054720057e-02,2.260072819504587577e-02,7.838858195319396704e-03,1.625371030313338405e-02,-1.379418568117148428e-02,3.794014882316943532e-02,-5.475386908871603120e-02,2.033644722840780711e-02,5.645753977034435878e-03,3.000000000000000000e+00
4.958224383041168193e-02,-2.332639568682886438e-02,1.606873045936161107e-02,1.841054268266630739e-02,2.695576884535841322e-02,-6.572500997498516295e-03,5.465093309136621891e-02,-4.321565858650537606e-02,3.315147510716195955e-03,8.330039768592662625e-03,3.000000000000000000e+00
4.144348584653765460e-02,-1.239287278369069836e-02,5.456706627541938089e-03,2.992600201749825647e-02,3.111893838109074800e-02,9.186501276027034257e-03,6.249540861633457595e-02,-3.188137998218378011e-02,-1.571256985113447108e-02,2.130795148729708668e-02,3.000000000000000000e+00
4.035749803803440755e-02,-5.388156510273549825e-03,4.333764891327057667e-04,3.626949640602988162e-02,2.827900038714795117e-02,2.136803754209800135e-02,5.606094470100528998e-02,-3.063208619053046922e-02,-3.116524652485073640e-02,3.253365978316780094e-02,3.000000000000000000e+00
4.659719415026266492e-02,-1.101449176551493742e-02,6.492744079886637182e-03,3.383068059925868620e-02,2.189728770803384128e-02,2.278286960029215699e-02,4.110989447507949757e-02,-3.691482234792173300e-02,-4.062674181212602015e-02,3.526014920367212535e-02,3.000000000000000000e+00
5.125801449341159388e-02,-2.156945622355416550e-02,1.845264819941581230e-02,2.080943086393763353e-02,2.175779979151853602e-02,1.713974527908487810e-02,2.297384745065085207e-02,-4.164765241659444672e-02,-4.188863942440532173e-02,3.626159354711575022e-02,3.000000000000000000e+00
4.508204162768981310e-02,-2.433390051708813479e-02,2.654953541635149405e-02,6.584453535843817762e-03,3.158807751580333667e-02,1.077600087772016130e-02,5.175853374082942798e-03,-3.838090840542655174e-02,-3.084090113866787969e-02,4.143697205041263487e-02,3.000000000000000000e+00
3.378340606686033865e-02,-1.747640232101409924e-02,2.371278257771185227e-02,4.676530593430466148e-03,4.221750306756927307e-02,2.560472104383582775e-03,-6.023614389092098870e-03,-3.282783995947373412e-02,-7.484682436847476042e-03,4.707617758050307299e-02,3.000000000000000000e+00
2.346761601643770900e-02,-2.636361248407522243e-03,7.074720805863729534e-03,1.517301234629169632e-02,3.768619067674706946e-02,-8.930357551014065851e-03,-4.463617465905605347e-03,-3.705256412425890489e-02,1.752578261064538859e-02,5.064080562776902134e-02,3.000000000000000000e+00
1.111627286549256126e-02,1.367589664669095414e-02,-1.479835170315429993e-02,2.931459879613593222e-02,1.668981953557615097e-02,-1.973824071422982523e-02,5.525167593528839023e-03,-4.615197262647201953e-02,3.868460059808101481e-02,5.008174113572425035e-02,3.000000000000000000e+00
-7.898631618560629508e-03,2.209967574715661701e-02,-2.341291443802549430e-02,3.944477693733800666e-02,-8.634562993843922230e-03,-2.184875606934414544e-02,1.187484582698535712e-02,-5.040328872052834974e-02,5.009433890545365170e-02,4.380722990334175865e-02,3.000000000000000000e+00
-3.387537862068473044e-02,2.139931186889645898e-02,-1.268197505700473064e-02,4.393313705021919396e-02,-3.397680323289831161e-02,-1.832758937222743467e-02,9.608082264973571290e-03,-4.849071888015078768e-02,5.265830484560908575e-02,3.477034498967945808e-02,3.000000000000000000e+00
-5.327578312905403846e-02,1.277184548445895948e-02,5.690680522432371713e-03,4.245515925834117410e-02,-5.621755741571035636e-02,-1.733793264876475754e-02,1.124719443821978887e-03,-3.690321330784335913e-02,4.759913282055503597e-02,2.435122788603457517e-02,3.000000000000000000e+00
-6.176206091385220281e-02,-2.247526092907164291e-03,1.860884685841467795e-02,3.842393693111459396e-02,-6.403150446525532336e-02,-1.901175652685974451e-02,-8.946356493662648013e-03,-1.845208130554062617e-02,3.675865078415312126e-02,1.399921321029388294e-02,3.000000000000000000e+00
-7.104608216606458915e-02,-2.148333852634339014e-02,2.004466706248632726e-02,3.640904154956331462e-02,-5.455443770446992413e-02,-2.162681006277602028e-02,-1.711030952792114493e-02,-3.434775771009685938e-04,2.571002004697622162e-02,9.644919242496798745e-03,3.000000000000000000e+00
-8.530312989159040404e-02,-3.854385361198567339e-02,1.447318785622337366e-02,3.316057751783145491e-02,-3.339480357413371348e-02,-2.201703297062148484e-02,-2.271787189983564062e-02,1.463969053772930240e-02,2.389562336689753791e-02,1.804567986231749716e-02,3.000000000000000000e+00
-8.938118285616869496e-02,-4.397449417307357222e-02,1.308440999859617968e-02,2.696474085405331511e-02,-1.546873740872838771e-02,-1.849311508549864730e-02,-2.894717857785088916e-02,2.651448030088052188e-02,3.266375543331304782e-02,2.654128137220554406e-02,3.000000000000000000e+00
-7.396706252012155702e-02,-3.967546517149864171e-02,1.584601235381718001e-02,2.216195301788972255e-02,-9.564407777382009923e-03,-1.439471074626254982e-02,-3.558047628133230444e-02,3.401464497364956041e-02,4.131726344771678022e-02,2.237943059007430069e-02,3.000000000000000000e+00
-5.021766380919138323e-02,-3.209377589876361708e-02,1.780308600082524881e-02,1.529791086915764653e-02,-1.411162798722068179e-02,-1.628332761123274519e-02,-3.949623229249623474e-02,3.508012800019176536e-02,3.783095720130852380e-02,5.460756195346437580e-03,3.000000000000000000e+00
-3.222116831171353835e-02,-2.264688711229237428e-02,1.765775442300926076e-02,5.262262648934128845e-03,-2.365487461080849341e-02,-2.856702487995554235e-02,-4.052482384508285240e-02,2.380037792879059408e-02,1.904201245174005561e-02,-1.631306783655896847e-02,3.000000000000000000e+00
-2.512667126268239293e-02,-1.770197695065747756e-02,1.197048582936894104e-02,-2.993953357727990178e-03,-3.440926610577883793e-02,-4.441699357146992183e-02,-3.947930217457163576e-02,3.183109813582860742e-03,-6.089816026414080624e-03,-3.093444021714383818e-02,3.000000000000000000e+00
-2.164331178940055375e-02,-1.663213615940095300e-02,-1.503819148409839962e-03,-9.884169608710136057e-03,-4.540817591292031774e-02,-5.459702975317672763e-02,-3.726555458353049410e-02,-1.339572204087605828e-02,-2.808803664588022109e-02,-2.981821569440108038e-02,3.000000000000000000e+00
-1.212518109236631822e-02,-9.701291543094330699e-03,-2.069285371960885578e-02,-1.814948200458325889e-02,-6.379796310083554745e-02,-5.588090721467520866e-02,-3.296733123579794617e-02,-2.022999134083637227e-02,-4.434674154014725533e-02,-1.843381128176477257e-02,3.000000000000000000e+00
-1.862288802218677042e-03,9.408341565976228310e-03,-3.698689611193430732e-02,-1.808443779467622248e-02,-8.046990286669979120e-02,-4.907044485174060638e-02,-2.008519913265725820e-02,-2.287337970221896277e-02,-5.188565422606362942e-02,-7.149799594504790967e-03,3.000000000000000000e+00
-1.088185368225150218e-02,2.386548384360945990e-02,-4.286592069888722767e-02,-8.868308043291063536e-03,-8.039981973226240086e-02,-4.832084257807982286e-02,-9.872617114119198664e-03,-2.829689343486347167e-02,-4.799249734707071446e-02,-4.584606880157705150e-03,3.000000000000000000e+00
-1.335966512872473894e-02,2.603008180623494344e-02,-4.101278355864530767e-02,8.232766200336333329e-04,-6.587370167905941265e-02,-4.898074345857077183e-02,-1.122131434482563812e-02,-3.361635756738591552e-02,-3.750742257679718500e-02,-8.474058792119985514e-03,3.000000000000000000e+00
6.427300478085661711e-03,1.840999574018421445e-02,-3.175930128879288217e-02,6.705362706706421982e-03,-4.487481164954011670e-02,-4.106220611125075554e-02,-2.176931095383634676e-02,-3.117016074616745305e-02,-2.075855560125396820e-02,-1.537617948340429946e-02,3.000000000000000000e+00
2.515058612938919982e-02,7.138601375888928985e-03,-1.380936924635117052e-02,6.046318644088374827e-03,-2.172186530872668303e-02,-2.955676361864301854e-02,-3.724358727911255412e-02,-1.728146434138869841e-02,-3.805889109303130582e-03,-1.957143229777851684e-02,3.000000000000000000e+00
3.434713249513792616e-02,-2.424957296494162709e-03,3.555433308663690298e-03,5.450427183253864216e-03,1.787364448771304459e-03,-2.504313404942792171e-02,-5.241673038178685379e-02,-1.718963714553160133e-03,7.459745906611001814e-03,-1.601660522179383650e-02,3.000000000000000000e+00
4.004213856916383901e-02,-1.091446085257764820e-02,1.134367117808813066e-02,7.904363854181252827e-03,2.524030916655462670e-02,-3.156524211949614939e-02,-6.178761606457192079e-02,6.487224407009939409e-03,1.348938342090686554e-02,-1.116570894644522589e-02,3.000000000000000000e+00
4.590864097177285025e-02,-1.285513488690052594e-02,1.213462183893027069e-02,9.174772903912003716e-03,4.153407641724998073e-02,-3.659850190965151240e-02,-6.248178788409665396e-02,6.254103877578177234e-03,1.285933655400478201e-02,-1.262749439503986146e-02,3.000000000000000000e+00
4.872487515416404347e-02,-5.071952122125049020e-03,9.230545746909856603e-03,1.420716593098630791e-02,4.291976215600301625e-02,-3.229109653354086257e-02,-6.047856624229190625e-02,4.273602718645489948e-04,3.468874175476050620e-03,-2.018297961080234640e-02,3.000000000000000000e+00
4.169872322723990055e-02,9.420614181169838577e-03,4.584502870372340888e-03,2.676442930712902291e-02,2.752138440829666327e-02,-1.930998940277646458e-02,-6.181587597607568485e-02,-1.165927363982632208e-03,-9.911975385249273407e-03,-2.954410535149406408e-02,3.000000000000000000e+00
2.949556601433647035e-02,2.076358832074312599e-02,6.474145545461456111e-03,3.865250664015283666e-02,8.875261747550662605e-03,-3.640623688220006975e-03,-5.825281481147309703e-02,5.687333933657697307e-03,-1.314145545510587987e-02,-3.452835931278595838e-02,3.000000000000000000e+00
2.079407397264130403e-02,2.282841918857161576e-02,1.964707980117844435e-02,4.497387014450567044e-02,-1.726141635401714364e-03,7.984408885897686936e-03,-4.863157614018742692e-02,9.574143686821964122e-03,-3.949389093984380372e-03,-2.864025275650484981e-02,3.000000000000000000e+00
1.720114453705048896e-02,1.367195265860988648e-02,3.373242920621750962e-02,4.832853381623812561e-02,-6.065140766012239865e-03,1.011701089385850204e-02,-4.151851773237812127e-02,6.506901642625373752e-03,3.657004142682765066e-03,-2.432896216048769863e-02,3.000000000000000000e+00
1.896236212517568576e-02,2.196178774721668781e-03,4.096595031807688525e-02,4.897442640847188278e-02,1.166586005078365518e-03,5.678251620767262725e-03,-3.369420767611744361e-02,2.146629111111577563e-03,6.811680994561905567e-03,-2.380653278898017117e-02,3.000000000000000000e+00
4.413559922746437825e-02,4.086419653807842056e-02,7.130739341589426017e-02,6.440918364098566218e-02,4.333292648858082935e-02,2.267543985737227250e-02,7.499463759527124837e-03,2.610720826002415826e-02,2.944046131640238456e-02,2.928022589551142890e-02,3.000000000000000000e+00
8.273425386598932951e-02,1.168541247532329796e-01,1.090309296940875361e-01,8.894727875741353929e-02,9.824216679797523333e-02,7.184507925688068952e-02,6.873232529143888381e-02,6.423071269916677539e-02,5.107938987363424416e-02,1.130546347899058501e-01,3.000000000000000000e+00
1.011193767847805569e-01,1.436514905614449944e-01,1.027133825147469870e-01,9.039199279763790451e-02,1.076183220777485461e-01,9.481534716892146830e-02,7.526518401014734017e-02,6.639855737209157671e-02,4.203783242796359232e-02,1.446183227997842324e-01,3.000000000000000000e+00
1.382152309371998677e-01,1.577818883467545508e-01,9.142580634512016691e-02,9.612883773822403222e-02,9.955376975847897436e-02,9.542904015858086342e-02,5.718884682857802021e-02,6.331664435673151070e-02,3.725438987760176096e-02,1.511766698185993962e-01,3.000000000000000000e+00
1.933938780284693570e-01,1.678296679673160208e-01,8.240895234021042293e-02,1.028173897924370972e-01,8.296216172907575070e-02,8.620833708679737084e-02,3.817595827233162542e-02,6.576975786840963401e-02,3.987157482642983419e-02,1.330546391141808338e-01,3.000000000000000000e+00
2.223138069117051308e-01,1.509507229704734055e-01,8.336332645322050428e-02,9.909750532573580184e-02,7.983558221198316929e-02,8.646317863349561872e-02,3.282499834016210094e-02,8.037243642246463815e-02,5.854536877604551992e-02,9.955488422531691417e-02,3.000000000000000000e+00
2.091832810181269153e-01,1.237421140231608901e-01,8.993343467900921651e-02,8.569422993519688891e-02,9.320322034380991438e-02,9.161439568340175310e-02,4.599230892409875149e-02,8.886976198733781418e-02,7.863441935105880409e-02,8.518313934698731882e-02,3.000000000000000000e+00
1.924687121962876668e-01,1.076734951254472855e-01,9.096261122908477770e-02,7.560879975724192625e-02,1.029445262975786091e-01,8.937867123783231615e-02,6.717335426749800054e-02,8.575710319188800668e-02,9.162199045257035657e-02,8.596028380729375806e-02,3.000000000000000000e+00
1.768842961394034574e-01,1.036533424719332797e-01,8.747228460413246365e-02,7.615474816613726494e-02,1.045896460027901376e-01,8.219068278876386080e-02,8.164245173669570921e-02,7.878949869502824277e-02,1.027763752829524146e-01,9.206547432903276762e-02,3.000000000000000000e+00
1.567944009225428204e-01,9.889486731803297237e-02,9.062007980535841112e-02,8.323590276162234902e-02,9.276539630288915816e-02,7.771297553861808427e-02,8.843409748813965687e-02,7.844706183451422010e-02,1.154156673199211447e-01,1.000906711773625057e-01,3.000000000000000000e+00
1.396086785077051973e-01,8.232449917461856503e-02,1.030480815603232458e-01,9.031677028330685475e-02,7.278725481819967036e-02,7.927484502225404239e-02,8.930937149269040087e-02,8.575176110577521771e-02,1.277992458102507056e-01,1.066516986754482699e-01,3.000000000000000000e+00
1.316565785639512987e-01,6.113781367579712578e-02,1.129988516481149341e-01,9.320601367149181082e-02,6.072423411393934600e-02,8.875701113221225180e-02,8.512636931162360920e-02,8.849812799575042244e-02,1.353124173340939373e-01,1.100385944326672943e-01,3.000000000000000000e+00
1.256274034385261029e-01,4.408853548163908093e-02,1.163832490029820255e-01,8.875436096278831177e-02,5.935443079915984216e-02,9.932553677943445347e-02,8.074026212980252304e-02,9.316182606897746576e-02,1.338088445340742116e-01,1.121075114650848942e-01,3.000000000000000000e+00
1.123026978736493542e-01,3.328424534254149914e-02,1.149967921098605239e-01,8.135294916697141665e-02,6.085172806424396508e-02,1.074501090235600309e-01,8.101297374736493584e-02,1.039102602883957560e-01,1.232348485932792254e-01,1.125137823154198219e-01,3.000000000000000000e+00
9.532536101960190078e-02,2.994137245814815912e-02,1.059355522676829753e-01,7.977850491425755863e-02,5.555418201173566856e-02,1.120903574465344776e-01,8.640564560974328678e-02,1.102181887934686605e-01,1.076658518204333115e-01,1.053095488386291689e-01,3.000000000000000000e+00
8.337348666922009266e-02,2.883329961353835527e-02,8.456311973962227224e-02,8.016342434387373206e-02,3.434731985891392725e-02,1.050836698548942988e-01,8.794668049308973501e-02,1.003331669211317556e-01,8.819021227095708015e-02,9.081094557597987893e-02,3.000000000000000000e+00
5.072860683534296394e-02,1.000722504539247604e-02,3.221113299339651431e-02,5.568874017419498529e-02,-1.667593699705407356e-02,5.629326240758327632e-02,5.910276600082458448e-02,5.928459302812649767e-02,5.709735379256595383e-02,5.855998489206470231e-02,3.000000000000000000e+00
-1.011643255142934475e-02,-2.573295371345350746e-02,-3.412521349757239447e-02,9.445162031062133770e-03,-7.108955766148314370e-02,-1.263312342288023388e-02,1.156685525902187428e-02,5.030003879590407359e-03,2.163163623079367853e-02,1.180910567400194136e-02,3.000000000000000000e+00
3.700898928559813450e-02,4.491811995608105401e-02,2.622597142187237107e-02,7.864165603866363208e-02,3.584082478873876904e-03,4.923275216407534127e-02,8.397657464334647159e-02,6.729039027404275231e-02,9.062729717429762744e-02,7.341110918558868548e-02,3.000000000000000000e+00
5.602544020799755942e-02,7.369932314268802520e-02,5.926747904330081917e-02,9.790024097409574799e-02,3.681570809693596180e-02,7.910551108793709152e-02,1.077588057742535493e-01,8.644084893080393461e-02,1.124975839191217353e-01,1.006351492602750031e-01,3.000000000000000000e+00
6.762517017088293114e-02,8.352959006742032011e-02,8.211548529231924021e-02,8.759198227101938627e-02,5.013436622614043242e-02,9.202446810947176314e-02,1.091160730956259872e-01,8.670861705451600454e-02,1.196176719089858953e-01,1.115209829498441940e-01,3.000000000000000000e+00
8.147704177507750223e-02,8.624148054140846897e-02,1.032116880164851563e-01,6.829095277976764133e-02,6.204284616144067899e-02,9.677689755708077102e-02,1.072034457666647816e-01,7.967487598666248005e-02,1.238247247276681173e-01,1.101866137967301429e-01,3.000000000000000000e+00
1.058172732301971980e-01,7.951088095447259030e-02,1.200566469395503155e-01,5.611816506368153684e-02,7.764172498065913253e-02,9.356686483778377250e-02,1.015628467663149542e-01,6.749760273018226564e-02,1.243029948352505909e-01,1.020545584228134406e-01,3.000000000000000000e+00
1.410471161725624922e-01,6.192921956651002008e-02,1.310044362443591737e-01,5.355141882425877575e-02,9.187779842762083815e-02,8.471140121013676083e-02,8.934138780945100056e-02,5.922401453707942798e-02,1.193401312659647107e-01,9.629506913309832106e-02,3.000000000000000000e+00
1.764767768517001567e-01,4.488446064298858007e-02,1.357193318636097934e-01,5.337963753457843075e-02,9.840150936641239854e-02,7.088250951786062570e-02,7.180357824915396814e-02,6.356394841680598762e-02,1.114338570973813641e-01,9.573782101374316011e-02,3.000000000000000000e+00
2.022200075859562074e-01,3.824006732626517024e-02,1.359895348796617276e-01,5.034931118072377004e-02,1.014182309492387690e-01,5.863584406437215985e-02,5.252362593780969535e-02,7.147174731823623117e-02,1.041249777181388197e-01,9.763910618384380458e-02,3.000000000000000000e+00
2.141875295661464784e-01,4.000896934395235111e-02,1.303859781025388243e-01,4.597484155844241971e-02,1.060491889725660025e-01,5.503734416195357748e-02,3.889965727780720500e-02,7.211917013267192533e-02,9.536587789248598956e-02,1.005085484021769199e-01,3.000000000000000000e+00
2.028425054637884306e-01,5.108210017576161194e-02,1.122301641877866268e-01,5.092791520347751677e-02,1.069515110349664733e-01,6.182402290182540533e-02,3.081390716748824352e-02,6.759444133729294868e-02,8.796945198213945716e-02,1.018805000011664408e-01,3.000000000000000000e+00
1.733972330523672611e-01,6.358265273088348213e-02,8.958096211642989359e-02,6.655273797120062063e-02,1.003745701916633759e-01,6.876522560720504940e-02,2.388364910118306178e-02,6.769888036396759512e-02,8.715534807415087348e-02,9.826967521320464916e-02,3.000000000000000000e+00
1.351888782147995793e-01,6.707284704922970853e-02,7.663939822385683331e-02,8.381814046942703822e-02,9.121123819856008508e-02,7.093882990804765976e-02,1.839640505975553147e-02,7.811003315761971821e-02,8.052148914842349736e-02,9.337748010459631653e-02,3.000000000000000000e+00
1.033972580215583581e-01,5.979415353022075885e-02,7.658040334277746441e-02,8.936058380346648122e-02,8.889800391162087922e-02,7.172774066947584792e-02,1.325875109280552633e-02,8.996039055490928638e-02,5.984319567936888240e-02,8.735279616624047616e-02,3.000000000000000000e+00
8.615749035377154308e-02,5.025788056589945707e-02,8.251234029798655556e-02,7.998005975543784341e-02,9.431180245953607599e-02,6.628238742066550060e-02,7.538985132969938663e-03,9.074391693533986891e-02,3.585460901076521073e-02,7.819035508822108627e-02,3.000000000000000000e+00
7.805088509479525538e-02,4.573540324541633395e-02,8.757662733650968534e-02,6.577008390839601815e-02,9.253119433077207356e-02,5.054767854899913648e-02,4.981670932192136525e-03,7.858871619374595274e-02,2.097450571248562351e-02,6.165819772133312310e-02,3.000000000000000000e+00
7.153600995461438516e-02,4.470250506438839394e-02,8.948016788204737892e-02,5.529970376915286506e-02,6.862476009109483299e-02,3.111739885229929115e-02,1.211919746152636743e-02,5.700716465945059735e-02,6.455853200983720230e-03,3.786505358829007906e-02,3.000000000000000000e+00
5.878414930911536607e-02,3.901683160448907867e-02,8.814153518963130374e-02,4.275663418646057784e-02,3.174011070551933933e-02,1.575961877198646041e-02,2.446322289418789708e-02,3.026014928192009151e-02,-1.203603685534806490e-02,1.490122915581931946e-02,3.000000000000000000e+00
4.389097093237161185e-02,2.926510396495985572e-02,9.119811407843228523e-02,3.071978594906247043e-02,8.543248283633148032e-03,6.580247795234040950e-03,2.776185047347329640e-02,1.186291690651080505e-02,-2.156638967450710473e-02,5.428452988848401009e-03,3.000000000000000000e+00
3.034350581916194292e-02,1.616935804638516827e-02,1.001949763418718553e-01,3.121718274679972580e-02,-4.458054170071352323e-03,4.139114550785583969e-03,1.723334457602276881e-02,6.449816607421304804e-03,-1.377469320286502791e-02,9.487742051024643242e-03,3.000000000000000000e+00
8.815212825332712984e-03,-5.451533149713812254e-03,9.786383956395384998e-02,4.046381134567890447e-02,-2.446201541108049271e-02,7.463035534470300290e-03,-2.553483484352449262e-04,4.989395035253202035e-03,4.408528894700794454e-05,1.485014454944234320e-02,3.000000000000000000e+00
-1.966452971700558341e-02,-3.522609612408134083e-02,7.512259605466373169e-02,4.279167606361410081e-02,-4.893117836410168509e-02,1.525030953558633232e-02,-1.596324961357264288e-02,8.184086181314163475e-04,4.192821090287436603e-03,1.789914670858475457e-02,3.000000000000000000e+00
-4.273851496684485940e-02,-6.029451939918253900e-02,4.051737785758828536e-02,3.169315404106017031e-02,-6.527953013939433169e-02,2.769392129112297624e-02,-2.982632424935865653e-02,-4.398441412247830820e-03,1.742017842881197348e-03,2.677572441762304106e-02,3.000000000000000000e+00
-4.881913252181594581e-02,-6.124070934835884605e-02,9.089758337407483763e-03,1.305802886901562786e-02,-6.665105148342813368e-02,4.484501921621165260e-02,-2.760200634308429546e-02,-8.303482700732769603e-04,4.371867057739122278e-03,4.462591000414547343e-02,3.000000000000000000e+00
-3.913585226906075160e-02,-3.619378247574070451e-02,-9.702722864825976887e-03,6.474546157967271502e-03,-4.873373012041753993e-02,6.699617524199708019e-02,6.364492023946281829e-03,2.050760841076017943e-02,2.231873284475951319e-02,7.565274504458942284e-02,3.000000000000000000e+00
-2.360140390004254393e-02,-8.421706466803909052e-03,-2.159870083080061426e-02,1.302630872105331114e-02,-2.380146283233665339e-02,8.902793997892256839e-02,4.714621659393491981e-02,4.662783229262610490e-02,4.226147530626185589e-02,1.100720969619035788e-01,3.000000000000000000e+00
-4.034917271016024570e-03,7.777878803842321921e-03,-2.707545955060347911e-02,2.241712281003135909e-02,-9.713374275660000348e-03,9.882937284327568406e-02,6.316725492492454574e-02,6.006559293096309926e-02,5.131878967519239165e-02,1.257685648034031489e-01,3.000000000000000000e+00
1.578852574353920707e-02,1.751856128371534829e-02,-1.941327456933349127e-02,3.343550689629962158e-02,-4.199812986630165404e-03,9.983872264980045430e-02,6.373490915765428477e-02,6.572742537528566964e-02,5.978764786518950269e-02,1.225866238494889848e-01,3.000000000000000000e+00
2.916664448509104224e-02,3.055565983175656183e-02,-5.272988303632458740e-04,3.909393640142084375e-02,4.421151754459857336e-03,9.451982966993960344e-02,6.957384750990086575e-02,7.083840008947457634e-02,6.665555456825479619e-02,1.130446607871977427e-01,3.000000000000000000e+00
4.690606219275141042e-02,4.733703644305962965e-02,2.029691104337646296e-02,3.405702000734414647e-02,1.672304882752147573e-02,8.131539075250934778e-02,7.839561349602278129e-02,6.620289505489891646e-02,6.134047712909636990e-02,9.436575853385970047e-02,3.000000000000000000e+00
6.836215760830430255e-02,6.040376240713589417e-02,3.691268925529169603e-02,2.669213476687710973e-02,2.494198916315577136e-02,7.024558568490762989e-02,7.925414602867988934e-02,4.874725648953073115e-02,5.117182123643547464e-02,6.761952992604954027e-02,3.000000000000000000e+00
7.797126613821450669e-02,6.502413231213541311e-02,4.862822520680865762e-02,2.503456331533995133e-02,2.441221054965372894e-02,6.830599299113486456e-02,7.423535033193671973e-02,3.165423355255762849e-02,4.482296957269352178e-02,4.770894720236631970e-02,3.000000000000000000e+00
7.546961017756712020e-02,5.954941362088062712e-02,5.449448108029041060e-02,2.825042741546064315e-02,2.181247902846561101e-02,6.959053638057124958e-02,7.221591713883390717e-02,2.022548485603500867e-02,3.946287501411149812e-02,4.319233065960081941e-02,3.000000000000000000e+00
6.676421003581550773e-02,4.463015139765412476e-02,5.271183394544175227e-02,3.616484524902432995e-02,2.266439818114442117e-02,7.330281147340209080e-02,7.350123100430831780e-02,1.309777889661913053e-02,4.054136758748259212e-02,4.893641728942169089e-02,3.000000000000000000e+00
5.596247191785760217e-02,3.440976180039703736e-02,4.474687551336090086e-02,4.649247076616662422e-02,2.364396158677187221e-02,7.906087431713947067e-02,7.317480539031991082e-02,7.162164593953808389e-03,5.279238971121190394e-02,5.556826282570696135e-02,3.000000000000000000e+00
4.756611173082105071e-02,3.615507529150674415e-02,3.643699532670226227e-02,5.490126876223593716e-02,2.153563388657422570e-02,8.511246305689747216e-02,7.096182820431803928e-02,2.100484182706117281e-03,7.350217828719207702e-02,5.959308974130261838e-02,3.000000000000000000e+00
4.436690511934775899e-02,4.708435948936570692e-02,3.130853524413787503e-02,6.088759641209805923e-02,1.847100851391736062e-02,9.082100837355838729e-02,7.140991794639621471e-02,1.840510550367262244e-04,9.449739596691306143e-02,6.271588808329575659e-02,3.000000000000000000e+00
3.906811562244921071e-02,5.564701237933340761e-02,2.510923968806298007e-02,5.884723977423741287e-02,1.744303403659588914e-02,8.984463498398140291e-02,6.806470148765021710e-02,4.870529095156998778e-03,1.045966383177997505e-01,6.278844216940754341e-02,3.000000000000000000e+00
4.291653383613606987e-02,5.367386425301599873e-02,1.429420638710468712e-02,4.507491385302318798e-02,1.921619757324384559e-02,8.074811527252689913e-02,5.534197179106409292e-02,1.682929770063424507e-02,1.011468011113047516e-01,5.589066702898237704e-02,3.000000000000000000e+00
6.477642836953019512e-02,4.237120243729137342e-02,4.860277642270125625e-03,2.783302353351536917e-02,2.179617645510776441e-02,6.926879960543312620e-02,4.930340057193752928e-02,3.356432146454933763e-02,9.309610535710088897e-02,4.696435751089274996e-02,3.000000000000000000e+00
8.239771886608925067e-02,2.530842091181913917e-02,3.626490809774285395e-03,1.418927897158195339e-02,2.242699823666687020e-02,5.084205253787366097e-02,5.487878029581920447e-02,4.768271772315691576e-02,8.119068381385970146e-02,4.169028025177443086e-02,3.000000000000000000e+00
8.674596258137781679e-02,1.429360812241679130e-02,4.523006281522228694e-03,7.630934403836360860e-03,2.254309605758932772e-02,2.825515538511657113e-02,5.534641841460294365e-02,4.778485833933343585e-02,6.852938225701997454e-02,3.524731647881013813e-02,3.000000000000000000e+00
8.527392391520555170e-02,1.352707996121879988e-02,-5.122589326427003792e-03,1.491422114469827254e-02,1.785095279487582468e-02,1.145990797607662239e-02,4.261875359713834799e-02,3.645636918922613018e-02,5.788393055518986641e-02,2.700118873504170000e-02,3.000000000000000000e+00
