-1120,2256,-480,-16,-240,560,960,-1280,-176,992,-784,256,-1536,-704,-1280,768,-992,-480,800,160,-1696,-496,-944,96,-2832,-416,-416,608,640,-1632,2128,1312,240,-1200,-832,-160,-464,-368,-784,224,-176,-1152,480,-1888,-1664,-16,784,-1008
-448,1952,-400,-608,-1024,-96,560,128,96,1104,112,-736,-1440,-320,-192,-864,-1696,960,672,-144,-1616,528,272,576,-1136,-768,336,32,544,-1136,1520,1152,-224,-1008,-688,-1088,144,-992,-1376,-1184,-304,-704,-560,-2048,-1840,-896,1008,-1584
-256,48,-16,-624,-1664,-992,160,448,-1376,192,1472,-1952,192,272,-400,-864,-2336,1968,144,-672,-1568,672,224,-384,448,-1312,96,-560,736,-416,832,320,-1664,-672,-896,-2400,-160,240,-1072,-1232,-720,-992,-272,-1024,-1776,-608,2096,-720
-496,-528,256,-400,-1904,-16,-112,144,-2208,-288,1664,-1536,-368,2016,-432,-944,-2080,2256,-736,-624,-1840,1344,48,-1168,1248,-720,-96,-496,1472,480,704,-848,-800,-416,-848,-1728,-432,576,-368,-1088,-1312,-1040,0,-208,-416,-1520,2240,-16
-1136,-224,0,352,-1728,128,-400,-64,-2400,-688,1600,-896,-288,1744,-16,112,-1776,2272,-1328,-928,-1952,1888,208,256,784,-848,32,-1152,912,864,1168,-624,-304,-336,144,-1184,768,-896,224,-1392,-240,-1744,224,-368,-960,-1888,1488,256
-2128,-2064,-176,192,-1616,-64,-160,96,-1120,-2208,1360,-688,1504,2064,-1184,-256,-1776,1456,-1040,-832,-800,1744,-656,-832,-896,-928,-192,-944,448,1392,96,-336,-400,-240,-864,-1264,1984,-912,80,-1056,-832,-1456,144,-416,-816,-1920,704,144
-1984,-1584,-400,-400,-1152,592,-432,384,-240,-2096,-288,-368,928,2064,-1632,-2560,-1808,112,-736,-1568,496,592,-1632,-976,-2288,-1024,-96,1008,496,1216,576,-96,128,-16,-784,-1040,2480,-976,864,-208,-1600,-448,592,-448,96,-1472,256,64
-1584,-560,-368,-432,-1072,224,144,736,0,-2272,-2240,-1040,96,2560,-112,-2736,-1968,-736,-400,-1600,352,-448,-896,-192,-2528,112,368,2336,112,1152,464,224,-896,-704,-816,-560,2784,-1184,1552,480,-656,-384,480,-432,-384,-2224,976,32
-2032,-960,-432,-1200,-1168,112,480,-80,336,-1856,-2192,-608,976,2160,400,-1712,-1792,-816,-144,-176,240,320,-592,-912,-2976,416,-80,2480,-128,-80,528,-464,-384,-400,-864,880,1328,80,1424,-288,-496,-448,1312,-464,32,-3264,1376,1200
-1392,-496,-640,-1760,-720,560,720,-448,-64,-128,-2320,-80,160,1616,-560,-432,-1216,-1120,-848,-352,-224,-144,-1696,-368,-3232,-704,-448,1344,96,-384,288,-976,-448,80,-320,448,32,432,1264,-752,576,-112,1280,-752,-464,-3328,1488,1472
-2224,240,-640,-1392,-480,-48,496,640,720,16,-1744,288,-384,832,-640,-1312,-64,-1168,-768,-432,-384,-848,-1408,240,-3056,-1856,-240,176,-208,-736,-256,-1504,-336,1568,-288,16,-1424,-32,880,-464,1760,-416,992,-16,-352,-992,800,1120
-2960,544,-1392,-1440,416,-464,176,256,544,-464,-2352,256,-1344,720,-240,-1440,304,-1280,-208,720,128,-880,-1040,-448,-2560,-480,-656,-96,608,-1072,64,-928,-304,1472,-448,1120,-2720,-400,80,-752,2560,-576,432,-1744,816,304,-96,1296
-1728,608,-1360,-1280,288,-736,512,-368,-640,560,-1632,-448,-1520,-400,-1296,-608,192,-640,-656,1216,-464,-832,-1904,-496,-2656,-1136,-656,-640,992,-1936,-256,-944,-80,928,208,-192,-3296,-16,-128,-240,2128,480,544,-1808,-128,384,752,1920
-1344,384,-240,-1040,704,-1216,-352,336,-448,1312,-544,-1392,-768,-992,-1056,1280,128,-384,-768,-416,-352,-2512,-2304,208,-1792,-672,-512,-288,480,-2576,-528,656,-1264,-400,80,-272,-2464,176,-112,624,400,496,592,-2176,-720,592,1712,1504
-736,576,-224,-1968,704,-1792,-1328,-192,208,976,-144,336,-1056,-1472,-1024,-16,-48,256,-592,-544,-352,-2480,-1360,-496,-960,-592,576,-1344,896,-2288,-976,816,-1584,-736,528,-64,-1232,-288,-1632,672,-336,-80,320,-2192,-480,-224,768,1040
-832,688,-32,-1920,-352,-1728,-1264,656,-224,912,304,736,-848,-3200,-1696,-2864,-400,-160,-1504,-688,-1040,-1248,-1008,-256,64,-1472,1376,-1488,1248,-1648,-1024,-576,-1232,-1328,1152,-784,-1152,320,-864,896,-1520,176,1872,-1056,-592,-1472,912,-736
-1520,192,208,-1328,-752,-960,-1456,1344,112,320,-832,768,-400,-3120,-32,-2192,-608,-864,-1536,-1072,-912,-2224,-1152,-1584,-32,-2144,736,-544,1424,-976,432,-1328,-704,-2080,112,-496,-768,-192,544,816,-1616,400,1920,400,32,-3184,576,-1568
-1872,864,400,-720,-1664,-512,-1344,624,-464,-208,-912,1952,-560,-2704,-1616,-304,-240,192,-1088,-800,-1216,144,-2592,-1344,-400,-2176,32,-976,1056,-464,928,-1360,-1632,-1584,-352,-1056,-48,-144,272,928,-2576,-992,928,-288,208,-4064,-432,-1840
-1440,800,1216,-784,-1968,-432,368,544,384,240,176,1760,-496,-2496,-2240,720,-1376,320,-512,-1344,-128,640,-352,736,64,-1264,-672,-1504,1616,-624,432,-2240,-2832,-1104,-272,-1584,640,256,768,1664,-3024,-1184,880,-256,608,-3408,-1184,-1536
-944,976,2192,-1168,-1200,-848,192,560,1472,880,-688,928,-752,-1328,-720,-768,-1536,304,-192,-1808,-752,-1376,-416,640,192,-576,-512,-1920,512,-672,-112,-1312,-2240,-128,-560,-864,192,240,1072,1424,-2768,-736,208,496,960,-3296,-368,-2000
-1248,1040,1488,-288,-160,-736,-304,-64,0,432,-256,1792,-160,-352,-192,-928,-1040,496,-1648,-1744,-624,-1872,-336,-32,288,-1104,-880,-2464,-96,32,784,-704,-1952,-208,-704,-176,-336,336,1600,816,-1904,-576,864,-544,-240,-2784,-64,-1728
-1408,928,400,-128,1120,-1088,-944,-544,-992,704,-32,1904,-144,720,-576,-2848,-896,176,-1120,-416,320,192,-352,16,272,-928,-944,-1280,672,-640,1680,-912,-1104,560,-416,320,496,-400,1936,1376,-1040,512,480,-64,288,-2352,832,-112
-1584,352,-1200,-608,1696,-512,-1168,-1328,-2944,1456,-736,640,416,624,-752,-3488,-1360,-32,-320,608,1056,32,-1232,-800,-464,-1168,-528,-1072,240,-864,1056,-944,-128,720,624,-960,848,-496,1712,736,-960,592,-16,832,496,-896,784,480
-880,16,-1424,-272,1440,16,-1360,-448,-2640,640,-1632,-752,1584,-352,-1328,-1392,-640,464,-208,-208,1680,368,-576,-976,-512,-1312,704,-672,112,-176,688,272,-432,656,-1680,-688,224,960,1408,608,-864,1232,384,16,-176,-528,896,1184
-1184,-176,-1808,-912,1248,288,-1216,720,-2480,368,-1776,-1120,528,-720,-544,-832,-624,176,-176,-1216,720,448,208,720,-768,-784,1184,-32,288,544,544,240,-1392,128,-80,-288,-176,2688,400,1088,-320,2176,400,128,-288,-656,1312,768
-1760,-128,-1936,-1264,1600,-128,-1264,1328,-2768,608,-1968,-544,928,384,-192,-1072,-544,-720,1168,-1072,464,592,416,1008,-544,-688,752,112,272,1344,-128,-736,112,96,-608,-144,-640,3392,-240,912,-16,2080,752,-816,-160,-512,704,192
-1040,768,-1216,-880,1728,192,-640,1456,-1920,0,-1312,432,384,2736,-816,-1552,-816,-944,2560,-144,32,688,576,1312,-480,-1392,1248,-80,-96,1456,-1232,-720,1200,400,-208,624,-368,1712,-16,352,496,1152,-112,-752,-416,224,-512,-304
-352,976,-736,-944,1616,-896,-1440,800,-1296,-240,-1952,1008,-640,3504,496,496,-1152,-1040,1120,336,832,-512,-240,688,-752,-1872,1648,-272,-448,1632,-320,-192,1632,-128,16,-784,0,480,-1152,288,640,-736,416,-896,-1072,1040,-688,-1168
-688,384,-80,-608,1232,-1648,-1856,544,-1616,448,-688,816,-992,2976,2400,-48,-640,-784,-336,-864,-496,-144,-1264,-528,-496,-1664,1632,-1936,-512,1040,224,496,2480,-288,-912,-1136,176,-688,-1760,-48,736,-1664,32,-784,-2192,720,-1200,-1072
16,240,384,-752,768,-1024,-1152,1216,-2176,-480,-1280,144,-864,1728,2192,-1152,-1184,-1040,-1392,-1424,-1840,-416,-288,-1264,784,-1968,1760,-1392,-784,-256,0,-304,3312,320,48,-1536,528,-2496,-1584,-176,624,-2080,-992,-64,-1552,464,-976,-608
192,144,560,-896,-528,-848,-1408,1040,-2480,-1104,-720,1616,512,1248,1632,-1088,-1328,-608,-2880,-1408,-2624,-1168,-640,736,464,-1872,1152,-880,-608,-1984,560,-1280,3040,-240,432,-432,544,-2208,-1120,-496,-512,-2256,288,-192,-496,512,-1632,-656
224,-384,512,-624,-1328,-320,-1776,-320,-2256,-1616,-512,1552,864,288,528,-496,-1760,320,-2784,-1376,-4080,-2160,-2080,1328,-192,-1200,512,-864,-784,-2752,992,-768,880,-368,-464,-144,272,-2096,-320,-960,-1232,-2288,-128,-464,-1008,640,-2192,-1120
448,-304,-80,-624,-2160,768,-1616,352,-1072,-2304,-1248,1184,-976,-1888,256,-240,-1696,336,-3136,-1344,-3744,-3040,-2176,592,-464,-544,880,-560,-1024,-2672,944,-800,448,-816,-912,-1040,32,-3120,672,-80,-1696,-1744,-976,-720,-2160,-448,-2768,-1392
736,368,-32,-704,-2128,1248,-944,1456,-1328,-1968,-1744,576,-528,-2176,96,-2160,-912,512,-3104,-896,-2848,-1456,-1680,928,-1504,-272,544,-672,-928,-2320,1936,-912,-1424,720,-544,-384,-32,-2736,880,48,-1488,-1456,-1168,-272,-1440,-864,-1728,-1824
176,-256,80,-912,-1104,1648,-1104,2048,-832,-1792,-1264,544,896,-2736,-1920,-2384,-880,-480,-2752,-416,-2416,-1296,-1872,1984,-1440,512,800,-976,-128,-2176,736,-1232,-2720,656,-336,-288,48,-2256,544,-352,-304,-368,-1408,-544,-1712,-832,-752,-1088
192,-336,528,-656,-320,1632,-576,800,160,-1552,-3072,1440,1712,-3584,-2032,-2432,-1120,-640,-1904,32,-1120,-1536,-448,1952,-400,864,1024,-688,-256,-2304,192,-368,-2304,1072,-80,1136,-336,-2304,-336,-144,-256,-624,-960,736,-1792,-976,-304,-1232
-384,-416,352,32,-128,720,-528,240,-224,-1808,-1840,368,3472,-2608,-1568,-2208,-560,720,-992,496,-1056,-944,-224,1936,-1440,848,992,-128,-768,-1424,960,-704,-2224,896,16,1456,-1232,-1984,-48,-64,-464,-416,-640,-48,-1280,-224,-448,-272
-432,304,-240,544,352,-560,-1216,-880,944,-1664,-1200,-400,1968,-1504,-2064,-1376,656,1152,-320,1120,-864,912,-1440,1392,-1536,1376,-272,720,-448,-896,1216,256,-2192,736,656,368,-1232,-1648,272,288,-272,-336,0,-688,-1312,672,160,1072
-240,-128,-352,560,624,-1040,-864,-1184,1264,-640,-1632,-256,352,-1936,-1968,-128,1232,1200,704,1472,-880,3584,48,1056,-1648,1440,-816,208,-352,-496,768,240,-2400,592,448,704,-832,-1744,-144,240,-720,64,240,64,-784,-304,1072,640
32,112,-304,400,624,-1520,-944,-1136,896,-320,-960,-880,-1104,-1408,-3008,288,1072,1200,800,656,1088,3328,1184,448,-1968,928,432,384,-464,-464,416,224,-944,432,768,-144,-96,-1680,-560,656,-208,432,848,608,-1456,384,592,656
624,416,-704,816,1296,-1472,-1776,-1760,1696,-560,416,576,-928,-480,-2672,1328,1056,1520,1136,224,1856,2816,880,560,-1344,2752,944,1760,-992,-512,0,1440,-816,-912,672,-2496,-336,-1600,-304,1360,192,-48,1328,464,-1248,1216,1104,64
1408,704,-704,1200,1648,-1184,-1776,-1312,1568,-784,992,848,-432,752,-1472,32,992,1872,2320,480,944,1440,-32,1504,-128,976,-144,1904,-432,240,-304,816,-176,-1248,752,-2080,-32,-1616,-320,832,352,192,144,240,16,1296,1056,-48
624,720,176,928,1504,-480,-1936,-864,672,-1136,1184,848,-1472,976,-720,-448,1520,1440,2400,1328,-128,112,736,816,784,208,560,2272,96,496,-384,320,-256,-16,0,-2256,304,-48,-864,144,256,-32,-64,560,-160,1232,304,-96
1296,64,112,912,1152,448,-1088,-512,-528,-528,1952,-640,-304,2000,-1040,-64,2496,1648,2400,192,368,-560,1152,144,608,-32,1056,2032,-896,960,-448,-240,-1200,112,688,-3504,576,880,-608,112,-848,416,384,144,32,1008,160,448
2576,512,224,864,-192,1184,64,-432,-240,-208,2816,-2400,-480,1984,-1168,1376,2432,1648,3136,288,1040,-1760,16,1440,-112,128,416,1168,352,1552,-240,-352,224,-128,-48,-1488,768,336,-192,160,-336,0,448,-352,2544,1264,-1264,832
2720,1168,624,320,-1408,1248,720,112,352,-960,-416,-2704,48,2192,-1232,528,1088,1568,1824,816,-1520,-2192,32,1520,832,496,240,1760,1440,1456,128,-112,1328,272,-464,-400,1088,608,848,-176,-192,-368,224,496,-48,2656,-1200,544
2640,1024,0,176,-1360,1584,1392,288,544,-800,-960,-2560,-176,1040,-1104,960,-688,1520,1200,176,-3728,-2128,-272,944,784,800,1232,1584,-1712,176,688,864,1264,-176,-784,896,1248,1392,832,-192,-208,-144,-608,672,-544,1168,-432,-304
2784,1680,640,-64,-1360,1056,1376,192,32,32,1040,-1392,-768,1280,0,1120,-2144,1248,944,-224,-2320,-2528,144,2128,-832,736,1824,1392,-1680,-704,800,1456,1008,208,-752,-32,816,576,176,208,592,224,-1440,544,496,704,192,-48
1232,1504,1312,-704,-448,176,480,-1424,256,-32,1088,-448,-912,288,-80,736,-1840,1600,-544,304,-1936,-1808,-256,1424,-256,1264,1152,1088,-208,-48,944,1040,-448,1888,320,64,800,272,-16,608,688,1376,-1056,1648,224,224,-592,224
-160,464,448,-976,304,112,240,-2496,-480,-80,-384,-864,-336,256,256,960,-1664,1360,-1184,1040,-896,-272,896,-368,-656,1456,688,144,-1216,192,1808,656,144,2416,1488,1200,-128,336,96,352,352,544,192,1712,736,1056,-32,16
-960,336,112,-704,1152,-272,48,-2016,-1424,-288,-480,432,-656,-304,288,320,-1744,768,-816,1504,-144,1376,2368,-512,-736,1264,-80,272,-768,-256,2512,1040,224,1648,928,1552,80,144,272,272,112,-304,1280,240,1920,1520,2304,-384
-1056,400,-208,-912,528,176,912,-1216,-1088,-96,-704,240,-320,-1120,96,-1232,-1600,1504,-768,400,-432,1792,1936,752,-736,336,-16,400,-752,-1536,512,848,736,768,-944,512,336,112,-496,256,976,-144,-1040,288,2176,1632,2000,-576
-3040,800,-480,-1568,16,336,448,-992,-656,-752,-80,-240,112,-464,-928,-1168,-1008,-352,-944,32,-640,-960,1824,976,-1408,608,208,-160,-1088,-1312,1280,1232,-48,-176,-608,352,832,-672,-32,-480,560,-128,-1008,864,2208,736,1056,-96
-2960,-336,208,-1936,368,336,-96,-256,-544,-1344,400,496,-1424,-176,-2816,-3632,-960,-2672,-1024,-720,-1232,-1632,560,80,-1232,1024,-1360,-848,32,-480,2384,368,-400,-32,624,-160,992,-1024,0,-528,672,-544,512,160,832,1456,0,96
-2096,32,176,-1376,2064,48,-720,-240,-944,-1680,-368,336,-1184,320,-4144,-2544,96,-2016,-240,-1056,-1024,64,-1264,-320,-1120,2128,-1888,-1408,1168,-912,2048,-864,-1136,-1408,96,-560,656,-1312,-32,-992,256,-272,-256,192,-1200,1456,-832,272
-1936,1280,448,-112,1280,-176,-1680,-352,-1296,-1648,880,1568,-768,16,-2928,-1328,336,-2096,1104,-1856,672,160,-1360,-1696,-880,2992,-1200,-1232,768,-1344,672,-1120,-2032,-1136,256,-1392,-240,-1280,-480,-1232,160,384,-1040,784,-1840,1248,80,496
-1184,32,208,-480,816,320,-1152,-144,-1440,-2832,1392,2368,-624,-352,-1216,-1648,-80,-2160,1968,-2992,-96,-224,-2256,-3888,-1344,1600,-64,-720,512,-704,96,-720,-1760,-1776,-16,352,-528,-1056,-1344,-1312,-464,-272,-656,1232,-1872,1344,656,1648
-1248,-1584,-224,-464,208,752,-1024,832,-1136,-2864,16,2688,-240,-224,-960,-880,-192,-1536,-960,-2320,-1248,672,-1328,-2672,-1456,-368,304,-1056,1088,1536,-144,-1040,-2064,-2256,-1216,1040,-272,-448,-912,-368,-352,-1040,-752,576,-2672,720,608,2832
-768,-672,-304,160,-464,640,-3184,784,-656,-2016,464,2912,-512,368,16,-112,-304,-768,-608,-2320,-64,992,-624,-1968,-1520,-2144,816,-880,544,2672,368,-496,-1824,-1904,-672,1344,-832,-240,-752,-1744,432,-512,-672,944,-1392,864,1056,1056
-336,-32,-288,416,-1184,-160,-1520,720,-640,-1616,-64,2144,784,16,-64,1184,-224,-720,256,-2336,-160,-16,-1232,-1168,-1824,-2000,1504,-592,240,2592,272,-784,-272,-864,-928,2064,-880,800,-400,-2720,224,304,-1168,1184,-1216,816,-48,-1392
-176,-64,272,1888,-1168,912,288,688,1072,-1360,-128,1984,1008,416,-464,1696,-192,-272,-1024,-1632,-1136,-208,-912,-1024,-432,-1008,2112,-912,-144,3376,-800,-880,-640,-992,-1248,2560,112,-496,-608,-912,640,-352,-1616,1616,-704,160,256,-448
-64,-752,1408,3056,-464,1808,-176,880,992,400,240,3216,1072,1408,-720,32,-544,-368,-1376,-864,-1584,384,-1680,-1744,-480,-1472,3328,736,-432,1520,-1488,-224,160,192,-816,1744,592,-2640,-1056,-560,-256,-656,-1136,656,-864,496,64,-368
-608,-800,-880,2912,-64,976,416,752,1120,-848,-1616,368,2304,1280,704,-1216,-624,-448,-1120,-320,-2272,528,-1024,-592,208,-1776,80,688,-848,-1376,-1248,-16,176,624,128,1680,-688,-1392,-336,-576,-944,-464,-880,624,-672,80,736,-960
-720,-928,-1264,2064,224,480,1616,416,1568,-2416,-784,-1280,4368,-640,1712,-880,-368,-784,-624,1104,-928,560,320,-384,144,-928,-384,-1936,256,-1392,-1280,-800,592,1456,432,1088,-1008,384,-528,32,-944,-1360,-48,64,528,128,1536,-1456
-576,-1200,-336,640,528,320,1248,640,1760,-496,-32,-752,3520,-1632,640,-560,272,-544,-816,416,48,1520,96,-992,432,-928,-96,-1376,2000,-2352,-1520,-192,608,1232,1312,2080,-336,0,-1056,-240,-80,-1040,64,32,608,864,656,-1024
-640,-336,432,-320,896,0,1520,320,-352,-240,256,-128,1216,-752,144,544,864,-400,-608,672,352,416,-1504,-1056,112,-1152,-48,-1008,1312,-2944,-336,32,800,320,1360,2688,-656,752,-1184,-416,864,-1168,-752,-16,272,1552,720,-912
48,-1440,416,-816,1760,-160,352,-112,48,-304,240,-400,1088,-384,-144,640,240,-272,-576,2048,976,-64,-944,-944,144,-1520,-128,-1264,464,-3040,32,224,432,1008,1072,2608,-304,640,-1136,-64,240,-976,-336,272,-464,1328,1328,-1728
224,-1456,560,-1504,2080,448,-736,-144,208,464,544,-480,720,-400,784,944,1200,432,-752,2768,800,1312,592,-2096,384,-2128,-336,-912,976,-2384,-480,1472,176,784,1856,688,48,832,-1472,912,592,-880,-272,192,-448,1616,1024,-1392
256,-1104,608,-1008,1792,128,-1264,-192,320,-544,640,-944,304,-512,848,2032,1648,-96,-1200,1168,240,144,2160,-1392,352,-1616,-1120,-1120,688,-512,-144,3424,576,-448,1168,2096,-432,448,-1504,272,576,-704,0,-1360,-784,1408,304,16
352,-1760,464,-576,2448,208,-1568,-864,1168,-1488,1040,-416,64,-64,736,320,1104,1008,-656,-416,528,-832,1616,-560,816,-1632,-1392,-768,-48,-32,160,2576,1328,-544,2416,464,224,784,-1824,-352,608,-1072,384,208,-688,1168,-176,544
192,-1008,-64,-848,2656,992,-1216,-752,-784,-928,-560,176,224,336,32,0,1232,1776,336,880,128,-256,320,-1680,672,-1808,-1104,-672,-304,-720,-960,560,1056,272,1664,176,-400,288,-1168,-592,256,-64,-240,624,112,1232,-992,496
352,-672,-272,-128,1280,1312,-320,-128,144,-16,336,-544,288,496,-1344,240,800,1136,528,-208,352,-912,-560,-1280,736,-1776,-1040,-448,128,-992,-640,-848,1744,160,1696,80,-960,-352,-432,-1200,864,864,-304,992,-112,1120,-1632,80
-32,-928,-64,-208,704,1648,496,192,1328,608,496,-1328,-272,768,992,-560,944,848,160,-272,-320,-912,-912,-1872,480,-752,-1264,-912,480,0,1440,-1552,2528,320,1552,544,-784,240,-864,-1120,368,-304,448,1456,-720,1632,-1616,1184
-704,160,192,864,480,1632,-32,96,1136,-288,-1024,-432,0,240,256,-240,1184,1248,752,560,-1504,-608,-1728,-2000,976,-512,-144,-1488,208,96,2272,-1648,1600,624,2144,1872,272,160,-848,-528,816,-832,352,1312,-1264,688,-912,1216
-624,-240,80,608,1200,1504,16,-256,752,-352,-240,432,224,-864,-1712,224,1488,896,288,672,-1824,-1616,-1072,-736,1152,-112,-224,-960,608,-240,2928,-1744,-544,272,1840,1232,720,-464,-896,-336,1392,-400,1248,1184,-1072,576,-208,816
-768,96,48,688,2016,2080,672,-1264,736,240,-496,-720,-192,-1840,-1136,-1360,1888,928,-704,544,-1616,-592,-944,-656,384,624,-560,-1024,1440,-272,3680,-1232,256,96,944,1648,-3024,256,-656,-400,1312,-112,2064,896,-1616,448,-544,1184
-272,-720,64,880,1824,1600,448,-896,880,-336,-16,-496,48,-2544,720,-448,1808,608,-288,1216,-1440,944,-912,16,592,1744,-464,-2144,1584,-448,3248,-976,816,-352,1376,2368,-1968,-256,-592,-1088,1024,-272,1840,208,-576,832,-416,848
416,-1232,256,288,1792,1440,1472,-304,592,512,-48,336,448,-2176,592,1280,3104,-16,416,2192,-1712,544,-528,-128,1104,1632,-448,-1920,1312,160,1248,-48,192,-656,1136,2608,-240,-224,-1344,-160,1056,-1088,736,-128,-704,1872,-368,48
544,-1008,128,96,2096,2352,2096,-96,-624,976,-800,-96,832,-1472,48,240,2720,-1232,176,48,-1184,144,176,-336,-416,1232,-752,-1392,752,240,-240,96,848,-816,1392,1680,48,-320,-1712,80,1088,-608,-256,-256,-400,1872,-272,-656
928,-624,112,400,2512,1888,1536,288,400,336,336,48,1936,-1328,-128,-400,-80,-896,624,-1472,256,16,768,-432,-672,1120,-592,-1728,-112,96,-1504,1696,944,-1728,1568,880,688,-784,-2112,-16,1312,-832,-1472,-928,-144,2032,1040,-976
960,-1184,-256,624,3616,-2032,1152,848,528,-368,912,336,1376,-1616,-512,1248,400,-432,656,-1264,160,800,960,656,-1568,320,-656,-1088,-176,544,-2064,-752,64,-1984,320,1312,896,-288,-2144,160,864,-624,-2640,-448,-672,1168,1136,-1152
1280,-1168,-784,-1264,1616,-1904,336,704,-160,-736,272,160,608,-976,-800,1536,1664,-1264,480,-2400,-128,1648,-304,128,-1472,-560,-1344,-576,-480,1008,-1744,-1488,240,-2272,-624,1680,944,-768,-1280,-720,1376,-608,-2416,288,400,960,1328,-400
1632,-1296,-688,-1728,112,-304,-224,864,-944,-464,352,192,-112,-1120,-832,0,1024,-2224,432,-1744,768,1488,-832,-528,-896,-960,-1616,-1120,-416,480,-1376,-1312,-496,-992,-160,640,1360,-1520,-800,-1088,624,-944,-2144,-128,288,1376,1184,-256
2176,-1552,-752,-816,1456,-704,-1584,560,192,-944,816,-336,640,-256,-48,-1200,800,-1872,-544,-992,1344,144,-608,-560,-1280,-544,-1296,-256,-624,336,-544,-1744,1024,-1424,-1088,-48,1616,-1792,-176,-1184,0,-1328,-2784,48,1344,1584,384,-320
1392,-1648,-368,-960,784,-976,-1552,432,656,-1472,-1104,128,48,1120,1280,-880,672,-1200,496,-1840,1696,304,-720,256,-1328,-128,-1312,208,-512,976,-112,-1808,352,-1584,-1552,288,1872,-848,-256,-1136,320,-816,-2384,-272,1424,1184,-288,80
1392,-1216,-128,-1104,-16,-640,-1216,1184,880,-960,304,288,-1072,1344,1184,-1056,384,-1200,496,-2720,3248,-992,-1264,560,80,80,-1472,592,-896,16,896,-1536,64,1040,-1072,304,1008,-1216,480,-1264,96,-336,-1504,-160,1328,624,-368,496
1712,-384,-384,-800,-320,128,-384,2288,1152,272,752,160,-400,1280,1632,-816,720,-64,384,-2128,3648,-672,-1216,1424,-672,-288,-1520,784,0,-864,-272,-16,-1072,592,-144,96,512,-1312,896,-1152,-288,-848,-1056,576,1600,-240,48,608
1168,-176,64,-352,-32,-16,-96,-1232,1152,640,-64,-240,-1280,-816,2608,-1120,224,512,224,-880,2608,1056,144,1824,-960,816,-1488,512,576,-432,-128,-576,-1024,-2016,-208,80,160,-1120,-192,-592,-1392,-272,-912,400,1008,1008,448,864
752,208,256,-560,128,336,-656,-2496,1312,0,-80,-528,-1488,-1632,3136,32,416,-16,-544,-544,1696,1328,640,1056,-1088,1216,-1568,640,1040,928,-144,576,-528,-192,96,-256,-272,-752,-656,208,-1680,96,-560,272,1760,1408,1376,496
560,832,400,-560,-240,368,-320,-1152,1120,240,-208,64,-960,-1392,2848,1312,160,416,-1200,-512,-208,2448,528,736,-368,672,-800,1040,304,320,-144,704,-608,416,832,960,-400,976,-656,-256,-848,-32,1360,-336,1392,832,1408,-112
848,1088,880,-224,304,-16,-1200,-1408,944,480,-928,752,-784,-896,192,1200,-224,944,-960,160,-3216,1840,1440,560,384,656,-416,544,32,1088,16,-352,-176,-400,224,400,112,544,-688,-928,-816,-384,-1376,0,736,1488,1728,-960
1360,1408,880,-432,512,464,-1504,-1360,1344,1120,576,624,-672,-288,-1648,576,320,224,-80,1024,-2448,1632,2320,1056,848,800,-272,-416,304,1008,400,992,-928,-400,-208,736,-432,544,-496,-1520,-96,512,-1680,992,1184,1856,1248,-336
1120,944,304,-288,1152,-768,-1920,-1248,1008,576,592,64,-624,176,-1584,1984,-688,-1232,-112,3184,-1920,2624,1600,-160,640,320,-432,96,640,1104,-464,960,-1504,-752,416,304,-912,560,1136,-1296,-256,64,-240,1104,1120,1616,2016,672
400,704,576,-192,1328,-1296,-1936,-672,1568,-416,512,320,-1376,-624,-2128,2880,-960,-1568,320,2672,32,2464,976,-400,1200,480,-272,-208,2208,1136,-1296,16,-1520,-704,912,192,288,944,288,-1216,176,-656,304,432,1072,1088,2848,128
784,1808,288,96,944,-1120,-512,-544,1008,-720,992,864,-480,-2144,-2512,2560,-992,-2016,736,752,592,912,880,-960,400,-32,-736,-208,160,2080,-464,-1136,-1600,-688,-80,224,432,192,-240,-1104,-48,-720,576,-912,2016,1424,2080,-160
608,1920,704,576,1296,-896,48,-400,-784,-736,208,1024,144,-112,-2400,2448,-1376,-1888,992,160,608,32,-256,-416,160,-848,-512,304,-2256,928,-384,-1152,-1344,-896,-448,-16,320,-368,752,-784,-480,-544,48,-1104,1456,752,1824,-112
1136,480,1168,352,1888,-912,320,272,-704,-1232,448,1936,48,528,-1664,2160,-976,-1200,1296,-1904,352,80,528,-928,720,880,-624,704,-1584,-1584,-32,-1072,-1248,-416,864,-2192,192,272,-336,-352,-656,-544,128,-1200,1232,-688,1104,-704
720,-272,896,672,944,-240,512,288,-976,128,896,992,304,-64,-64,1136,-1520,-592,1072,-4032,352,-448,672,-1152,1136,544,-1360,1168,-1584,144,-64,-1376,-1056,-560,240,-2016,-224,-560,64,64,-512,1264,-400,-1840,1504,-16,512,-592
-1504,-512,672,-32,432,-192,1712,0,-992,-416,1120,2064,880,640,672,784,-1392,-944,784,-4016,928,-64,-144,400,-976,-592,-1328,416,-672,1152,-896,-816,-928,-384,-3632,-1280,224,-960,480,272,-1072,608,-1568,-1520,768,-208,80,160
-368,256,672,1040,880,32,3008,-80,-1328,-16,1680,2464,208,656,-32,736,-1504,192,1168,-2016,1632,960,1120,688,-752,512,-624,0,-32,1872,-1312,-272,-1584,240,-2672,-1136,-704,-720,-672,224,-1472,-1536,-1376,-1424,-736,-928,-160,656
32,704,688,560,624,1072,3648,-432,-1792,16,400,1424,-528,16,1072,384,-752,1744,1776,-1824,1472,352,-944,432,-208,0,-624,-192,144,560,-832,-768,-1392,-304,-832,-1072,-1312,-1552,-528,432,-544,-1344,-1136,-1536,-608,-1232,-32,1104
-816,336,560,224,1008,432,4208,-480,-976,784,-320,1344,-1360,-1456,2464,1360,-512,928,1280,-944,1136,912,-1280,-1392,-592,-176,-384,64,960,448,-544,-352,-864,1488,-1760,240,-1280,-1744,368,624,-832,-896,-336,-1392,-1472,-352,304,1008
-288,-144,304,208,1280,288,4816,-560,-1296,1088,1744,736,224,-1104,2816,1152,48,-176,-16,112,1280,1360,144,-992,-528,-304,-880,-512,2160,624,-1344,272,-1232,480,-1056,-592,-1536,-912,544,656,-1312,128,-416,-800,-320,160,-16,1392
48,-576,0,-96,1216,-224,3536,-944,-1264,864,1584,-224,-960,-416,1360,672,464,-720,416,-496,976,-160,-32,-848,-720,-832,-496,-800,2896,-656,-1184,432,-1200,432,-1696,-752,-384,240,496,112,-1200,-496,-704,-1184,-144,736,-688,1248
-656,-672,224,-256,1328,-544,1072,-1136,-336,672,992,-1776,-2128,176,1264,1232,672,-624,896,176,1744,320,-160,-1088,-448,-800,-448,240,2560,-624,-816,528,-1040,848,-1696,-592,-336,112,1136,48,-352,-1056,-832,-864,-1280,864,-128,656
-752,-208,272,48,1024,-1056,-928,-1232,-160,80,1152,-2800,-1344,656,912,1568,480,-512,768,624,1840,256,-1104,-1312,496,-720,320,-128,1328,0,-768,1472,-704,64,-816,-560,-656,-80,1440,-560,432,-752,-288,-1104,656,1360,-272,176
-512,-528,112,-752,1056,-752,-2000,-496,-496,-1248,-64,-2752,-1056,-80,160,1488,-80,-592,176,-48,1264,208,-1152,-288,-288,-1104,224,848,-80,80,192,1344,-224,96,-1696,-256,-464,752,688,-432,912,-656,112,-1760,960,1200,1040,848
-160,-784,576,-592,1536,-464,-2432,240,-1824,-384,-384,-2928,-1184,816,-64,928,-16,-368,512,208,688,1392,-144,-848,-448,-1168,432,1584,-1856,-352,576,1392,-352,176,-1152,-400,-304,624,-560,-496,432,-864,976,-880,848,1168,2000,1504
-192,-80,304,-112,1232,-928,-2768,-304,-1632,-416,0,-2240,-944,1152,-752,816,-192,-928,336,-304,-144,1616,912,256,192,-1264,992,960,-2464,-832,-576,1376,432,-608,-32,-1488,384,1648,-560,544,32,-1264,784,-352,-1280,2464,944,2192
-416,-112,-160,80,832,-560,-2288,576,-704,-1216,-384,-2032,-480,688,-208,608,-832,-400,64,-1136,-1504,896,144,1008,288,-704,1120,512,-3360,-288,-944,704,608,192,-400,-2048,720,768,400,320,-144,-1808,1408,1520,-1968,2720,-32,3392
-240,-640,272,-48,160,368,64,528,-1200,-1248,64,-368,-240,288,1616,-688,-288,736,-608,-1200,-704,-48,-848,1232,1152,-704,848,928,-2512,1184,320,-144,1392,1008,-560,-1008,448,-304,768,192,336,-1392,1184,-944,-624,2432,-1440,2272
-992,-112,208,624,-400,464,1088,864,-2224,-576,496,784,848,1136,1184,-784,272,3168,272,-864,-256,-1040,-672,960,1136,640,528,1120,-448,-352,832,-240,-480,112,-160,416,384,-128,1792,-320,-528,128,688,-432,-64,2240,-3376,576
-496,-112,-224,1088,-704,160,96,1520,-2032,-160,-352,960,288,1376,1040,-848,384,1728,496,-16,-896,-1664,-768,1104,1936,1120,1088,1488,-992,-192,992,-368,16,848,-240,416,-272,-960,1008,576,880,1344,1408,768,368,2960,-3984,2016
-224,1136,-832,1152,-1088,384,896,704,-1696,-544,-1376,976,2160,-832,1040,-528,464,496,-2800,240,-944,-400,-1648,1040,2160,992,496,1264,-944,304,2288,720,720,320,-144,-1152,-208,-320,-272,528,960,1712,928,1024,-1264,896,-4080,1392
-544,-816,-448,1168,-688,-48,1472,256,-32,-1392,-1456,2240,240,-1120,960,-1360,1424,2288,-1872,-144,480,-544,-2048,528,2192,1616,304,624,-352,-16,1504,304,1360,80,160,-1264,-256,-528,-608,400,-608,1536,768,1248,-1376,-1056,-3376,384
240,-1728,-560,672,-768,-416,1728,-384,192,-1024,48,2864,-624,-1200,1248,-1968,1984,2288,-144,1024,1552,-1040,-1376,1312,1728,1392,464,-240,-816,-112,-688,720,720,32,160,-368,-816,-1088,-1328,1568,464,1152,416,1088,-880,528,-3776,0
-992,-672,-704,-592,-736,-48,2336,-112,-976,0,-528,688,624,-800,1328,-2048,1504,1504,-208,1600,368,-560,-608,752,720,976,-864,-224,-960,48,736,928,288,464,-192,560,-544,-640,-1456,1824,688,1328,-464,640,-624,224,-3696,-1168
-2016,-1248,-240,704,-400,144,2112,672,656,-64,-144,816,-512,-1232,112,-2048,912,896,-80,2032,96,-560,-944,688,1632,832,112,-880,288,-48,1760,304,352,448,1392,-208,-240,-576,-1728,800,480,832,-480,1584,-720,-32,-2048,-1280
-1424,-1536,-544,656,-48,112,1424,912,528,-848,288,336,-2288,-80,448,-1856,1808,-112,-176,1584,176,-128,192,-592,1264,-304,336,-1744,832,-336,272,-544,1104,-176,448,992,-736,-544,-2080,160,688,1072,-192,320,-352,176,-864,-1344
-704,-416,224,32,592,-144,1376,896,-208,-320,-144,-480,-1136,496,416,-928,1664,-560,-256,848,-560,-288,224,-880,320,432,480,-1072,304,-352,-384,-832,-192,-96,176,896,-1168,-304,-2640,-128,800,512,-208,-288,-928,1088,432,-1328
-400,-560,192,-32,1360,-832,496,352,16,-560,144,-448,-1472,544,-368,-1216,896,-1104,-112,880,-2272,-96,80,-752,1216,-464,272,-448,896,-336,-1168,-464,-592,-368,1440,16,-656,-176,-2896,-816,576,-160,480,400,-544,128,-1152,-560
-192,-992,-592,-272,384,-272,816,112,-592,-368,1312,-848,-912,832,-752,-800,368,-1088,544,848,-1120,-160,16,688,992,-1040,224,-304,1936,-1072,-944,-208,544,272,1152,-80,144,-80,-1328,-1024,672,-128,-368,-48,656,-592,-720,688
-1056,-1152,-80,-544,192,304,1104,368,-48,-16,1984,-912,-1456,720,-656,-352,1248,-752,-48,-256,64,416,624,2112,608,-96,32,-752,1408,-1568,-1104,-960,-160,0,560,-640,-112,416,-912,-1488,1696,-720,32,1264,-528,-720,-1424,704
-592,-1568,368,-816,320,704,896,528,960,1360,2016,112,-1520,1728,-448,-1488,1024,-1392,-576,-80,-336,224,96,2976,-48,448,64,-560,1648,-1424,-784,-1296,-560,464,192,-768,-240,-544,-944,-1856,128,-736,80,1472,-560,-512,-1440,80
64,-1136,1232,-560,-720,656,1392,-48,-128,2560,1680,672,-1408,1744,352,224,576,-1520,32,-464,-208,944,-1216,3760,-624,560,-544,-272,1280,-1808,-96,-720,128,-224,624,-1104,-144,-1872,336,-1168,-64,-48,-208,1376,-1024,592,192,736
-368,-1424,832,-176,-1088,128,864,112,960,3728,512,784,-688,1216,336,-32,736,-880,448,-1360,-480,1040,-1760,2400,-416,896,32,400,400,-1152,-528,-1584,976,224,1328,112,256,-400,400,-384,944,-48,-432,1568,48,1072,128,1952
-192,-1248,432,-1008,-1440,400,-352,-432,1536,1392,592,2288,-320,976,1088,144,112,-416,-560,-1184,544,1584,-1280,1008,-1056,208,224,816,-832,-304,-640,-640,112,624,1296,400,-608,512,-48,224,480,-240,-688,2256,512,1792,-48,1248
-240,-1360,1632,-1184,-1696,464,-224,-912,-288,-720,512,3040,160,-656,944,-1200,304,-944,-832,-352,1232,2368,-752,720,-1312,-176,192,-928,-448,-816,-176,208,1408,-608,-304,1056,128,432,480,528,464,544,-1008,2256,-32,1040,1424,880
-224,-1648,2368,-832,-672,272,-208,-1392,816,-1296,864,-1952,1344,-80,960,-1248,368,-1376,-16,960,336,2736,416,352,-1360,224,80,96,0,-1360,304,640,2976,-1456,-448,1648,720,1056,464,688,848,80,-592,1680,448,544,672,1104
272,-736,-1008,-512,-304,368,320,-1392,1264,-1072,1552,-2192,400,-144,2464,-96,32,-944,-304,1104,-80,2000,32,-768,-1440,96,-320,288,240,-1552,336,1568,-576,-1232,1872,1248,1040,1344,240,1456,1216,64,-464,1664,96,-1312,1072,-336
336,272,448,80,320,-320,1168,-624,1152,-800,-1456,-752,-640,-1552,2016,416,112,-1120,-144,240,32,2368,-400,1232,-1536,-160,272,64,816,-1088,800,1120,-688,-720,2912,1424,1040,1056,-16,1440,688,304,-1312,2000,-192,-2048,1152,-1248
576,-96,1616,1040,848,-1200,800,592,1952,-16,-512,-1216,80,640,1616,1184,128,-1456,-320,-912,832,1392,-144,448,-1536,-784,1424,1200,896,128,336,736,1392,-416,3552,1200,1360,1536,480,736,640,240,-1568,1472,-624,-1472,-32,-1344
768,-144,1152,-848,976,-1152,48,1040,1744,-672,384,-2400,240,1056,576,-576,-336,-2256,-576,272,512,688,816,112,-1936,-608,1376,928,1440,-560,-1168,416,576,-656,3152,1264,1344,1184,816,128,1024,256,-1968,1504,-912,-496,912,-768
336,-448,1216,-1904,576,-1296,-128,592,736,-1360,1200,-2016,-320,224,-1472,-704,-576,-3008,176,560,1536,1024,-80,336,-720,-304,864,400,720,640,-1440,-192,0,-816,1696,16,1728,128,32,-48,720,-48,-1072,1808,-960,-416,1424,-560
1568,-864,1216,-768,-144,-1424,64,736,816,-960,2464,-720,-448,240,-1584,512,-512,-1456,-336,624,1648,1552,-208,800,592,-176,-832,96,96,1168,-1584,48,528,-688,848,-704,1392,-768,-1120,16,-816,144,-368,1808,-736,-432,976,64
928,-1056,720,-80,-320,-1072,64,1360,320,-272,1232,-96,-864,528,-976,-848,-768,-288,-496,1264,1712,944,-1104,2304,1456,-656,-1600,-352,-496,912,-1648,-768,-336,-512,-304,-1552,1664,-2064,-784,-320,-640,-592,-1168,1424,-256,608,464,-320
-128,-1632,96,-16,-272,-688,-272,1600,-48,-112,-384,400,-672,256,-928,1136,-368,272,-112,576,1456,-240,-720,2544,1360,-784,-2320,-352,64,1152,-512,-1792,-1488,-752,-1248,-2288,752,-1744,96,448,-288,-448,-1680,720,800,1392,64,672
624,-1584,48,112,-32,-320,-96,720,-736,192,-96,544,-176,464,-512,1680,-272,704,64,-288,224,-1776,-208,1904,560,-416,-2656,-112,624,416,-336,-1632,-448,-608,-2080,-2304,320,-1376,-32,1760,-16,-640,-1296,1840,176,2080,-576,944
304,-1600,-528,96,112,336,144,-1200,-128,400,-2416,-640,-448,224,-624,784,-144,-224,736,96,224,-544,-176,848,-768,-112,-3328,-192,512,-1984,-864,-1904,-112,880,-1920,-1232,-144,-752,0,2560,912,-288,-1168,1088,-528,1808,736,560
208,-960,-1056,-176,-448,544,-432,-960,256,96,-3600,928,-1440,112,-1392,656,-80,-1136,656,-368,656,1040,64,272,-2464,0,-2112,-848,720,704,-256,-1600,-352,1168,-992,-256,112,-32,-704,1584,2352,-336,-2448,736,-1136,1104,1744,688
-352,-96,-928,224,-640,1088,-112,-1264,-608,-192,-4240,1424,-704,-32,-800,480,64,-944,336,-352,336,480,-608,512,-2400,-192,-1552,-1008,800,1552,-1088,-288,-224,1712,48,-320,384,240,224,480,2176,-1040,-1376,-192,-608,1072,1728,1456
-1024,-80,-1744,-16,288,752,64,-1424,-448,-448,-2336,912,-1120,-2416,640,160,896,-2032,864,304,544,0,-208,1472,-1552,240,-2208,-864,832,1280,-1136,608,128,624,1376,-1232,2640,512,368,448,544,-32,-144,352,-784,528,1376,976
-944,464,-1216,80,64,912,224,-2192,-352,-272,-2096,1072,-592,-1504,-624,592,640,-2304,496,0,272,352,464,1616,144,-96,-2304,-1408,1040,1712,560,1712,160,-752,1216,-544,2464,704,-208,-1360,-464,400,-560,-176,-1040,-368,1648,832
-1264,704,-416,-112,800,1760,-16,-1632,-688,448,-2336,544,1232,-1600,-576,-144,1504,-1968,1584,1488,-144,992,-160,816,-1312,-288,-2048,-1424,1376,1760,1008,1856,1056,-384,336,-96,2224,1152,1088,-1888,-2528,224,240,-1776,-912,-272,1632,896
-1344,160,-256,-624,1744,1936,592,-128,-800,528,-1248,-624,592,-928,304,-800,-976,-2080,880,3600,608,1392,-1088,-192,-2176,-800,-1008,-704,768,1584,1216,-160,2080,-1120,352,112,1088,1888,1104,-1984,-2176,272,-1648,-1472,-304,192,1648,320
48,640,16,-1024,1968,1104,224,1104,-1056,640,-736,-528,-256,512,-800,-256,-1520,-1920,-240,1616,368,1648,400,272,80,-960,-192,672,48,1008,816,1280,2960,-1472,752,800,-1568,1792,176,-1696,-2576,560,-1904,-1808,-848,656,2048,-944
-736,1216,576,-1296,2320,656,272,1200,-720,-208,-368,-144,64,1568,-96,-336,-1008,-1264,32,32,-464,-880,2144,592,224,-1280,-80,768,-624,96,1248,1632,2368,-848,608,-480,-1696,1600,192,272,-2032,-288,1024,-2736,-32,1120,1040,-1760
-2208,704,384,-1152,512,208,-192,416,416,176,304,-368,-608,1904,-976,80,-640,-1200,352,800,-176,-96,320,496,-368,-400,16,160,-16,-752,-32,384,688,-1616,896,-992,-1744,2016,1136,-1776,-784,-1088,-128,-2112,-432,176,1264,-2464
-928,832,-16,-720,736,-448,80,880,752,1344,1744,512,-576,1792,-1472,1200,-176,-912,544,-400,208,544,-128,864,-368,-1328,896,-768,1216,-2096,-272,-416,-1120,-2096,864,-96,-2000,1104,512,-2240,-448,-1504,-960,-2544,-240,224,1168,-880
-320,384,16,-528,1712,-464,-240,240,-496,1744,1728,480,-752,1728,288,160,-32,-624,784,-1184,704,-784,-1056,1296,-192,-928,-416,-1520,-1536,-1280,368,-1648,-1248,-1072,-240,-880,-1664,1504,-288,-176,-464,-1888,544,-2400,-64,688,320,-1072
-448,112,208,-320,1952,736,-192,-192,-1856,352,416,144,640,1248,208,-688,-144,-160,-272,-1328,1152,-224,-2272,2128,-512,-688,-800,-2832,-1296,-1312,384,-1744,-1488,-1136,-624,-1056,-1696,976,176,-736,128,-672,-528,-1072,-176,1120,-688,-784
-288,-464,208,-80,2240,896,32,224,-2768,1008,16,768,1360,-944,-400,1376,912,-144,32,-1472,1712,0,-2032,1904,32,-704,816,-2608,-112,-1568,624,-1104,-2768,-1360,-1152,-32,-2112,16,-576,-1328,608,1344,-1296,-800,-720,1952,-400,-336
384,-592,368,112,2560,448,-832,-688,-2224,1568,832,496,-16,-1616,-576,112,-144,128,-976,-2080,1920,672,-128,912,288,720,912,-1216,-1280,-2048,784,-992,-2192,-96,-832,192,-1712,-896,256,-864,1104,2112,-96,-1072,-1184,560,-400,-528
480,-128,64,256,3056,672,-320,-64,-2128,688,1792,816,-272,-496,-832,-1280,-720,320,-1264,-656,1552,1024,272,1136,1120,1184,1744,-128,-208,-2352,1296,-560,-1168,-336,-272,1056,-2784,-1904,256,-832,768,1728,368,-912,-1632,-2240,-1248,240
-352,48,-96,-448,2624,1152,624,-656,-2160,48,2352,720,-592,-1536,-1632,-528,192,-48,-944,336,1296,928,496,2112,1312,-240,608,288,928,-1776,1568,-896,-224,64,-1552,2528,-2288,-432,640,-912,1248,1600,-288,-2672,-2192,-1008,-464,2176
-640,-32,-352,-768,1008,1008,368,-1568,-1280,1088,2096,80,416,-2272,-416,928,128,-448,-672,320,896,48,752,1136,368,512,-176,-288,608,-2368,928,240,400,1184,-1984,2592,-1904,-432,-192,-64,960,192,-1040,-2080,-2256,-176,-224,2704
-304,-160,-912,-1024,-320,1120,832,-1120,-160,800,1232,-640,384,-1184,1504,864,384,-352,272,-384,1152,-32,208,704,144,-192,-224,-1152,1200,-1840,176,576,448,1584,-2192,1616,-896,-784,272,720,1072,-1776,-1120,-1296,-1712,-240,160,1728
-208,-128,-1040,-528,-1040,1584,528,336,640,768,1024,-1472,-576,-1024,704,176,1072,-768,784,304,560,704,-672,288,752,-448,320,-1088,2064,-624,-128,176,-32,2560,-1968,2160,-336,-1024,80,896,1616,-1664,-1104,-1856,-2016,816,-1488,560
-352,176,-1008,0,-896,512,64,240,688,256,544,-1424,-2128,80,-896,-640,768,720,1136,368,-2144,1312,-208,-64,640,688,320,-1664,1568,432,-496,64,1440,4208,-1840,1824,544,352,752,1488,1088,352,-2304,-2032,-1952,912,-1280,96
208,592,-1280,-16,-848,-240,-256,-1904,-256,-144,112,-336,-1856,1664,-1456,480,976,1120,864,240,-800,1584,480,-32,-576,720,352,-1312,560,1728,-720,560,1104,3632,-1296,368,1584,1808,-1024,816,176,-1376,-1040,-1376,-1520,-112,-944,1024
320,736,-1536,32,-912,-896,144,-1200,-48,288,1264,64,-1584,1920,-736,16,1248,336,48,-304,-704,1536,-608,-48,304,-240,976,-832,-304,1936,-1616,1488,576,3488,-800,1056,1328,2288,-1648,224,288,-3728,-544,-640,-400,128,-1008,1664
960,240,-864,272,-224,-624,256,32,464,-176,384,1040,-1072,1248,-1264,-176,1040,1104,-128,-704,-1296,1792,-1168,1616,1072,240,1168,-736,-800,2240,-2512,880,320,1056,-528,560,864,1344,-832,-160,96,-1984,-1520,-192,-112,1280,-992,1952
704,-96,-32,288,80,624,336,896,560,368,240,1312,-1264,2160,-272,-320,400,368,1376,-160,-784,928,-384,1648,1232,688,1424,-752,-1136,1424,-1104,-208,-96,-384,-1760,-1584,1344,-208,-1696,-112,-1216,-1088,-1552,64,416,992,-1504,2368
-272,544,720,192,-64,480,384,1840,208,480,-240,1136,-960,1424,928,928,128,144,3936,-544,-320,-992,-1072,288,1200,272,1008,176,-1184,768,224,352,-944,-720,-1312,-1472,1392,-1168,-1488,-240,-1104,-288,-704,448,1280,528,-2112,1856
96,2400,704,304,336,592,288,2944,144,720,-720,1872,-368,656,-32,560,160,-80,4304,560,-688,-1280,-1664,80,832,-48,288,768,-1792,224,496,96,-960,-1392,-432,-1328,944,-1936,-1344,-624,-176,672,-768,656,1168,688,-1456,1360
352,3664,192,464,-112,1200,928,2704,-64,1488,-384,1888,-1632,0,-784,944,-784,-208,1008,1360,544,-1936,-1248,1088,240,896,480,1088,-1008,0,1008,224,-1120,-1328,64,-240,576,-1888,-864,-32,-560,-400,48,640,208,288,-1088,-112
-464,3840,-1680,384,-112,1168,752,1184,240,1632,2080,624,-384,400,-128,1216,-352,-160,592,704,224,-2160,-352,2304,512,32,464,768,-1072,-128,1216,496,-1408,-80,496,80,688,-1872,320,400,-1488,272,368,480,-480,400,-368,-1648
-96,2464,-2368,-16,48,832,656,-416,16,1344,160,688,144,-480,-160,368,-496,-432,512,320,-240,-1568,656,1664,400,320,-64,176,-1312,-1008,640,-352,-560,800,1072,-672,320,-1632,-128,80,-1392,768,96,304,1440,-64,992,-1632
256,720,-2480,-320,256,1104,960,-1360,480,864,1536,1088,-2848,-528,224,-896,-720,-496,192,-128,-784,-720,864,288,-576,400,448,-720,-1424,-368,192,-1104,-304,48,1600,352,1024,-1024,-160,-336,-816,-128,-128,-48,704,-912,752,-768
-336,-592,-1984,64,992,752,880,-1808,560,1264,1568,928,-2560,240,576,-640,48,336,-352,592,-688,-592,1328,768,-224,-112,-736,-704,-1616,-624,-32,352,-1232,992,1680,880,1456,-1408,-224,80,-624,-672,416,128,-256,-544,400,-352
-880,-1936,-752,528,1088,1008,1344,-2560,560,1104,2384,224,1328,176,672,-240,464,336,-384,1520,-1344,224,448,160,704,1248,-1024,-992,-544,-1456,-592,672,-736,1424,976,1120,1536,-928,16,272,-352,-1264,-448,-1120,816,-320,1504,528
-944,-2944,-576,624,1312,1680,1088,-3344,736,1344,2464,464,2608,656,-80,-64,-512,-288,-720,352,-1248,816,-480,-1968,672,1600,-368,-1504,496,-1632,-768,240,-992,1408,1456,912,1248,560,-624,-80,128,-624,-576,-1776,720,176,1616,944
-672,-2304,-560,1312,640,2144,-304,-3056,896,1504,2432,-1296,2576,480,-1952,592,-480,368,-544,-176,-1312,608,1520,-800,1296,592,-240,-2048,-656,-960,-944,384,-160,1040,1040,-112,1056,-64,-432,496,976,-608,64,-560,2128,-96,1520,736
-512,-928,80,1152,496,2192,16,-1760,1488,-1232,224,-1744,240,944,-1984,48,288,560,-816,48,-1520,448,2720,32,2112,912,-976,-2480,544,-2336,-1264,464,-720,416,1184,-544,848,-1024,-416,464,912,-1152,80,112,1984,-176,2400,0
-368,80,400,880,48,1376,384,-1152,-224,-1072,1328,-1072,-1072,1632,-2208,176,752,-208,400,-1120,-1152,496,-144,-416,2304,1264,-816,-720,1200,-1584,-768,672,-800,448,576,-576,1856,-1024,-368,288,1072,-608,1040,-144,1728,-784,2336,656
400,112,704,928,-176,560,400,-1056,-640,32,2464,-1408,-2480,1872,-1856,-1296,128,-464,640,-1680,-896,672,-304,544,3680,288,-464,-48,32,-1472,-704,-304,-1376,32,-64,-288,1744,-912,-1056,-224,464,-304,688,-112,2192,-272,1312,592
480,48,928,544,-144,-736,272,-1040,64,1200,2368,-1040,-2032,848,-1360,-992,176,-544,144,-832,-736,288,864,944,2256,48,512,112,-608,-1392,-384,416,-1376,240,-240,272,1312,-544,-912,880,32,-512,432,1456,-1248,-16,1136,144
816,-240,1616,48,-720,-1392,80,-720,-640,1584,1744,336,-1360,832,-864,592,-208,-352,944,-288,-768,496,336,336,2640,112,688,1152,-992,-512,48,-768,-1232,-48,-720,576,1504,-368,-256,1616,176,-192,-96,944,-2352,-320,1136,-688
1680,-240,1760,208,-1392,-1520,320,-848,-528,1648,1936,592,-1776,736,-864,1472,32,-272,880,-416,128,16,592,-1248,3008,480,576,1952,-1440,-608,448,-224,-1552,1008,-912,752,928,656,160,1248,-368,448,-144,-288,-2304,-256,1200,320
1520,-176,-1472,48,-1440,-1392,192,-864,416,1504,1824,720,-1232,1344,-864,576,-240,-432,432,-176,96,784,1152,-464,2656,896,208,416,-320,32,544,576,-240,1760,32,-608,1728,48,512,1264,64,688,160,432,-2832,-128,1584,2016
1424,-176,-1120,320,-1472,-1600,16,-368,-128,1792,1920,1328,-352,144,-592,-304,1952,-16,1296,-1536,320,2368,1344,464,2896,768,128,-256,-112,528,192,96,-240,1072,720,-1840,1312,-288,320,832,-576,528,-224,80,-3696,-80,1808,496
1872,128,32,288,-1008,-784,-416,-800,-176,2208,960,1072,640,-1344,192,-560,2848,-112,2288,-1248,-80,1648,192,-96,2816,1760,-432,1168,288,1792,416,624,48,1184,816,-1632,-816,1456,-80,224,-16,736,-48,-256,-2800,-128,1344,-1152
1744,176,-576,-80,-304,192,-960,-1472,144,2592,1200,-432,-192,-560,1024,448,2448,64,2384,-304,-1120,816,1072,224,2288,208,-1152,1104,1184,1424,2624,-128,-64,1216,2272,-4288,-928,912,400,336,992,384,-448,-192,-1936,-752,1104,96
800,-176,-1440,-432,624,1424,-528,-1088,176,1248,2800,-2080,-1808,-656,304,1760,2512,-384,2672,-464,-1360,1728,608,-128,1936,-1632,-1280,272,144,336,2208,-496,-96,1248,1120,-3920,304,-320,848,-256,80,80,-144,96,-2336,-928,912,592
704,-592,-1408,48,1696,-784,-48,-336,544,320,1200,-1488,-1856,-432,480,1072,1136,640,2528,-560,-1392,1520,176,-992,1936,-16,-1616,480,240,1344,704,320,720,1088,672,-1840,80,-256,1072,-192,368,-144,-368,-1360,-1184,-1472,1104,-128
416,-656,-1120,784,1616,-2576,-544,320,864,784,-2448,-1232,-576,912,752,1696,-784,800,2560,-432,-608,1584,-896,-864,1072,112,-2016,-32,32,768,288,912,-80,1296,0,-2144,144,-640,2128,-176,1520,-384,-928,-3008,-1120,-464,720,160
192,-432,-608,1792,1920,-1968,-1456,960,1440,416,-240,-944,-960,-96,464,352,-1424,-1472,2448,-592,-336,800,256,-704,1184,-864,-1232,-192,-384,-544,48,512,176,-288,-304,-1232,272,-992,2304,-224,1216,-2064,-832,-2624,-1216,48,-416,-544
976,-448,-512,1776,1968,-1120,-768,656,784,-432,1216,96,-1264,592,448,-1280,-2496,-432,2016,112,-752,-128,1488,32,1664,-1248,-496,336,-432,-544,176,-592,-400,672,-112,-528,560,-944,2592,-1296,800,-1424,64,-2096,-448,240,-784,-960
608,-64,-32,2512,1744,-544,-320,864,0,16,-560,912,-832,912,-208,-1664,-3008,288,1120,-352,-1920,576,2896,96,1280,-976,-368,1136,-32,-1120,272,-1664,-1216,1040,-160,-144,-16,-1744,2384,-1280,768,-1216,592,-704,-864,-112,-448,-1088
880,-320,-192,1616,2432,0,-48,880,-112,608,192,1584,-208,-224,-944,-1136,-2656,704,1264,-1248,-1312,672,1920,496,352,256,-160,1248,288,-928,560,-1008,-1024,1488,-512,-432,-304,-544,1824,-816,656,-816,1008,-1632,-528,528,-880,-1200
1776,368,-720,-1360,1808,80,800,944,-1104,128,176,-272,400,-864,-272,-144,-1840,1120,688,-736,-1568,-176,240,-496,720,1936,320,864,-704,-2672,256,-896,-1168,1072,-80,-912,-32,832,1296,-400,352,-384,1504,-1584,-1136,208,-1552,-736
1648,448,-832,-464,80,-384,752,656,-960,1104,-1632,368,208,1312,-880,-464,-1248,1232,-912,-1024,-352,-96,-1296,-640,528,2608,608,176,-304,-2144,2176,-768,-304,-64,384,-576,288,928,176,-304,608,256,1568,-448,-1792,272,-624,-784
512,-416,-368,-112,-880,240,-160,1168,-816,1824,-1984,1968,-192,752,-1120,528,-1120,1376,-432,-1248,640,864,-1808,288,80,1200,-352,512,368,-368,784,1184,608,1552,640,-512,224,960,-432,288,1744,400,784,-96,-48,416,-176,-624
208,160,-32,-1488,-1344,976,368,1408,-400,688,-112,752,1008,-1184,-512,-80,-1008,816,-1456,-1568,1664,880,-592,944,-240,-400,-496,1248,672,144,288,2768,288,1952,1056,96,-1712,544,784,448,2288,144,288,-224,-64,-320,-128,448
576,144,112,-1888,-1424,720,1792,1792,272,-432,-1232,112,208,-304,-1088,-480,-1232,576,-2048,-560,2224,176,-688,832,-784,-1104,-464,960,240,496,1536,2640,1088,976,768,320,-848,1056,640,-16,2512,64,704,544,-880,-128,800,1152
1104,64,-128,-2176,-368,1056,-1328,1952,-560,-288,-2000,832,208,-784,-1872,720,-1040,304,-1312,544,1024,816,-848,-2000,-672,-2368,-560,-240,64,2608,1344,1392,448,1328,304,-448,-304,1440,512,896,2832,528,96,560,-656,-688,384,1088
832,288,576,-1888,576,1280,-1984,1024,-176,-912,288,96,272,-1600,-160,1248,-896,-288,-752,16,656,880,-1280,-1392,-1280,-3632,-1088,-1200,-672,4112,736,-832,416,2288,96,-688,-144,1136,-48,1216,2928,1136,-1104,-176,112,-176,-928,608
192,336,720,-1360,784,624,-1088,864,160,-544,-208,-1136,-368,-1392,304,-336,-832,-544,-416,112,400,784,-1824,-608,-1744,-3488,-1792,-2544,-1312,1232,336,-1904,912,2128,0,-832,192,688,-288,560,2592,544,-128,-1568,496,32,-288,-432
480,224,448,-1536,1488,0,-2080,1088,384,-960,-320,-1744,-288,-352,-768,848,-704,-1152,80,-80,304,2224,-784,-1552,-1232,-2176,-1696,-2640,-1056,-528,-976,-2192,864,1952,528,-1872,368,208,304,432,2048,-352,-624,-1376,880,592,-688,288
624,320,1024,-880,-800,-592,-1680,416,1408,-1376,-320,-416,-448,1088,-1648,1792,-912,-1600,288,336,-224,880,-704,-1520,-1712,-2928,-1424,-2624,-1040,-864,-2048,-2416,464,2816,-160,-1600,-80,-544,80,-144,1456,160,-1056,-416,352,2624,544,-416
-304,-176,1056,-352,-880,-672,-752,912,336,-976,-1136,-112,240,-224,-1760,-384,-896,-1968,800,432,-1728,-16,-1296,-832,-2336,-1792,-928,-2784,-816,-2160,-992,-2192,544,2112,-800,-880,-32,32,16,-1024,864,-560,-560,16,1312,2032,672,384
-1136,112,864,-320,-304,-688,-912,2832,-176,-2272,-1952,208,32,-720,-32,-784,-880,-2768,816,48,-464,-16,-512,240,-720,-2352,-96,-1840,-304,-3184,464,-880,448,1616,-304,-1104,736,-352,640,-1056,1392,-464,48,624,1136,816,16,784
-1712,-176,1312,-336,240,-352,-896,2032,-304,-1280,-2224,832,128,-912,1552,352,80,-1440,528,-32,-800,880,-1408,-64,320,-1632,272,64,-928,-2272,800,-432,112,1440,-2000,-2320,480,-560,1168,-960,1664,-96,816,0,160,1056,176,-224
-2192,1568,400,-208,-288,1040,-672,656,-1072,-832,-2272,1280,528,-304,1616,832,608,-1472,640,880,-384,288,-1728,-144,-2224,-1168,-720,672,-1632,-1456,448,688,-832,1840,-2176,-1488,-272,880,1616,-80,736,-240,832,480,368,1264,112,384
-1456,960,176,-304,-1552,1664,-176,1712,128,-752,-1264,1040,384,512,688,-496,576,-2256,592,624,-560,1840,-2160,144,-3248,-1232,-496,-304,-1136,-1392,208,352,288,1664,-2448,-848,32,112,1232,496,1056,960,768,944,832,1248,-880,304
-1152,-1264,736,368,-2160,1152,480,2592,624,-208,-1200,1824,416,480,-976,-480,352,-2528,144,288,-896,-208,-1760,-112,-1904,-832,-288,1200,-272,-48,368,736,720,2688,-1552,-1200,-64,-2192,1056,1456,1824,1184,2144,416,-528,1168,-1792,720
16,800,224,720,-2048,656,592,2064,-432,-176,-1040,2464,416,-1456,-1536,352,-256,-1904,864,-320,-976,-1536,-1168,-688,-1968,128,-352,1776,144,640,240,1712,0,2800,416,-368,-208,-784,624,1376,-672,-400,800,-352,112,816,-784,672
1968,1472,192,256,-2128,448,48,1568,-448,-544,-704,1920,576,-1200,-2112,-80,-368,-1072,1024,-1280,-512,1328,48,-432,-2688,336,768,1568,544,352,624,1600,-1136,1824,-976,1200,-432,-224,544,720,-384,240,-816,-512,416,-800,288,624
-1024,1120,-352,64,-1248,656,-64,2064,-272,352,-320,2800,1152,-432,-992,-160,-480,-864,1024,-1120,320,272,-656,-848,-2336,256,-224,1840,880,1168,416,1600,208,928,-384,1296,-800,-1328,1200,832,1008,2000,1536,80,208,-512,-32,1536
-1840,1056,-320,192,-208,752,176,992,192,176,112,2256,1584,-1344,-352,-64,112,-2080,720,448,96,-464,-1520,656,-624,208,-464,1056,576,224,192,1680,1648,704,16,1088,-944,-1904,496,1120,384,1296,1936,-144,176,128,-144,928
-592,320,-128,864,-656,0,80,736,-96,288,-256,976,480,-1344,-608,-544,368,-1552,1072,-96,48,48,48,352,-688,1008,-544,160,1184,-336,-624,416,80,1136,304,1776,-64,-2160,288,1568,-624,1392,1408,-1904,928,736,-352,352
-1872,384,-192,1488,-480,-624,-912,1360,544,-64,224,384,368,-1264,-2720,320,640,-1136,1904,-992,-112,-688,-528,-160,-384,304,-160,16,1232,688,-1504,-176,-320,576,752,2128,1024,-2000,336,2112,-1072,1456,1024,-896,944,1520,-720,736
-1472,1248,-96,2080,-240,-944,-1664,1712,-112,944,240,-64,-384,96,-1808,576,-144,-720,1808,-992,-640,-624,-1152,-1296,656,-880,-112,1088,-1920,112,-2768,-48,1232,688,1056,1856,832,-1984,656,1504,-1728,1184,-208,-1568,912,1344,-848,64
-1216,1072,272,2224,-272,-1408,-1904,1680,16,1456,-224,-80,-496,0,-1344,1664,-288,-864,-848,224,-1168,-688,-1776,-720,768,-896,-656,1776,-1248,-16,-2384,-1104,1104,208,576,1472,-16,-2048,528,432,-1904,864,-1648,-2352,688,1568,-736,-480
-1760,272,-160,1312,-768,-912,-992,1584,-240,-1424,-1504,-512,880,-352,-1728,944,-224,-2048,384,496,-912,-304,-2848,-672,400,-864,-272,768,-224,160,-2048,-784,96,-320,-128,352,1120,-1904,64,-656,-1632,112,-1568,-432,800,1808,-928,-1104
-1680,-304,-416,256,-928,-704,-816,1968,-80,-1696,-1488,-880,608,-608,-1824,800,-928,-2160,512,464,-224,-1232,-1472,-1216,320,-144,128,640,64,-736,-2032,-688,-480,-976,-560,688,1504,-1712,-192,-1600,-1840,400,-976,-208,624,1504,-2064,-1488
-1280,128,-832,-112,0,176,-464,1728,-64,-160,-2144,-1312,16,-416,-992,800,-1456,-1344,288,-32,1328,-368,-784,-48,-160,720,-336,160,368,-1248,720,-1376,-96,-1200,-608,-704,1584,-1408,-144,-2208,-1632,-320,-1056,-384,144,1072,-2384,-592
-528,128,-1024,-576,368,880,96,1872,-1152,16,-3104,-1568,-224,-608,-368,1376,-1408,-1520,384,144,176,-544,-912,960,-544,992,-1200,-528,256,-1952,2320,-848,-752,-256,-144,-736,1552,-816,256,-624,-2256,128,-16,640,-96,304,-1952,-64
-1152,528,-1040,-704,-400,1392,-272,1872,1184,-1216,-2816,-1664,-256,240,848,1744,-1168,-1424,464,544,-768,-864,-992,-352,-592,1216,-864,-1472,-160,-1632,1680,-592,-1568,544,-1056,448,640,-1104,-592,-864,-2880,288,-288,544,-176,960,-1856,-384
-352,-16,-1200,-832,-880,1744,48,432,432,-816,-2272,-1136,-144,336,560,1200,0,-2160,48,576,-1360,112,-848,-416,-1392,1536,-544,-1216,592,-976,1040,368,-144,-560,-864,592,-704,-800,-480,-1232,-2416,96,-80,64,384,672,-1680,-976
-368,-656,-880,-288,-896,2192,112,-32,-1424,160,-2464,-400,48,192,-704,1984,272,-1456,320,-416,-2400,-384,400,240,-976,1664,-464,-224,320,-528,368,336,-1040,-1600,-736,656,-944,-208,432,-624,-1600,144,816,160,784,752,-1344,-1408
-752,-512,-800,-80,-624,2368,-496,0,512,-320,-736,-864,960,64,-688,1664,880,-480,128,-960,-1872,-656,2032,-1392,-1152,1152,96,-608,224,-272,-656,1408,-992,-240,-528,96,-592,-208,2128,-1008,-1920,-272,448,992,-64,1472,-992,-752
-160,-272,-1088,-16,144,1536,-448,-1552,800,-192,336,-672,32,-432,208,480,1056,-400,-96,704,-880,-752,1776,-1392,-1296,960,752,-512,448,-16,-768,2384,-496,-400,-448,1344,656,416,496,-272,-1760,256,304,976,432,1360,-1008,-656
320,16,-32,-384,112,1040,368,-1680,256,736,-528,-368,240,-736,-240,-256,784,48,-976,1616,736,-704,3632,-1648,-1360,-160,-272,-1088,-400,-112,-1040,-48,-1008,-496,-160,1296,-256,704,-2720,464,-1616,-160,624,112,144,912,-944,-1008
160,-480,560,-64,-256,1056,368,-1440,32,-128,368,-1376,208,-560,-480,528,1264,80,-672,1744,1040,-1120,2368,-2704,-256,-768,-832,-1408,-912,-1184,-1520,-64,-208,0,240,352,-928,-176,-128,1008,-1728,-224,432,-1296,1008,-128,-1184,-656
928,-640,1040,16,-432,-720,240,-2352,-224,-176,800,-1088,-64,-608,1024,-48,1376,560,800,1936,-1712,-1600,-1200,-1840,128,-32,752,-2016,-1248,-816,-912,784,-464,-192,-416,256,16,-624,1328,1840,-848,160,720,-896,1744,-112,-1184,-464
1216,-224,1056,-336,-1072,-1024,1360,-1424,-384,656,784,-1360,176,-272,-304,-432,704,-864,-64,1104,464,-2192,1328,-2208,-704,192,704,-2048,-992,-32,-1920,800,-784,-592,-208,336,16,-1136,1280,1632,-752,-112,928,-368,944,64,-1008,-1616
704,-432,768,-256,-544,-1328,-336,-640,-1408,-224,1728,-448,752,1392,-528,-816,1280,-1536,-864,1328,1168,-1360,1696,-1344,-544,-240,496,-624,-1792,-224,-848,384,-1120,-976,-544,32,-80,-1776,576,1760,-1200,-1872,208,320,1248,-16,-1360,-912
80,-912,624,64,192,816,-1760,-512,-960,-1072,1072,1072,544,1472,-736,288,1600,-1408,-384,-3728,192,-1712,176,144,64,608,288,-1248,-2448,-80,-400,0,-864,-336,-1120,-16,464,-1280,-192,400,-1024,-1744,-368,832,1120,-2640,-2144,144
80,-1040,64,368,-208,1712,0,-656,-1024,-752,32,448,240,32,-2976,1024,592,-1824,-1488,-3968,384,-2304,-48,544,160,1456,80,-368,-2944,432,-160,-1504,-1104,1344,-1696,464,432,-352,-1040,-1328,-880,-1216,624,1024,-32,-2384,-2752,-3104
-48,-608,-64,656,-1232,-736,400,-464,-304,-128,-352,192,-112,256,-2080,320,656,-928,-1616,-2272,-496,-2496,240,880,32,272,-144,352,-1984,-272,16,-1936,-1504,-720,-2208,-528,48,-1312,-448,-320,-912,-864,-384,1024,416,-1360,-1840,-1824
464,-1072,-128,592,-880,-272,640,224,-1344,-240,592,224,336,1360,-320,608,-160,352,-2528,-3024,-464,-1952,448,1296,-640,576,416,0,-672,-512,-288,-1344,-304,-1488,-2112,-928,-1296,-1808,240,240,-1104,-672,-752,368,-432,-688,-1792,-1056
832,-672,-320,128,-800,144,768,80,-640,-192,304,-368,64,-336,-1008,-400,-928,208,-2880,-2096,128,-80,224,208,-800,352,528,192,880,-768,352,-2000,-656,880,-2256,-416,-592,-1328,1040,-512,-768,-896,-928,928,-1280,-352,-4432,-1904
880,-848,-32,416,-1584,-112,544,-64,16,736,176,-816,-896,-1408,-240,-1296,32,-80,-3616,-1968,-288,352,144,880,-800,240,-384,192,1872,-816,1520,-816,-592,1376,-1792,-144,-960,-960,1424,-1024,-176,-864,-480,2160,-1808,-32,-2384,-1936
880,-1424,896,688,-1232,-1104,288,-256,144,-640,1024,-624,-1152,-1328,-192,-1056,-144,368,-4320,-1584,-96,-784,640,64,-1072,896,-544,-528,2800,-64,2032,-320,1536,-240,-2288,1088,-1872,-1616,704,-1872,656,-1552,-496,2400,-768,192,-480,-1792
608,-1488,416,976,-688,-144,-768,-128,320,-1120,416,-1392,160,-320,-96,-192,-320,336,-3664,-1024,480,-752,848,-1392,-1104,640,-16,-560,2368,144,2144,-960,912,96,-1968,1104,-1792,-1008,-432,-1744,48,-1888,-176,3104,576,-400,-1776,-96
1072,-1184,-224,1120,-432,-272,-656,-1264,1200,-1408,48,-1808,432,1200,240,-592,352,336,-3456,-1088,592,-192,240,-64,-960,736,-912,64,832,-112,1344,-560,256,1296,-1488,16,-1184,-736,-1424,-1104,464,-1248,592,1568,368,-672,-1712,-272
1104,-1104,-736,336,32,-1120,288,-1360,1536,-336,368,-1904,-768,656,-80,-960,-400,-32,-2960,-1696,1280,672,144,944,-656,1536,-1424,1248,-368,848,-80,-816,1088,1216,-864,656,832,-1200,-1376,-32,16,-1664,-32,-752,480,-672,-48,-1760
1152,-400,-1152,-32,480,-1920,672,-1024,1168,-64,608,-1680,-128,576,912,-848,-2992,-688,-2544,-2352,1136,944,544,576,-208,2208,-688,-192,-1200,640,-1024,32,1088,560,-672,-848,-736,-1408,-1376,-624,-160,-1024,-192,-1120,2640,-272,976,-864
1392,-48,-1568,-80,1296,-3040,1520,-448,1472,256,-128,-1680,-656,1584,1040,1008,-2240,-1440,-2032,-2256,592,768,-224,816,-384,1744,64,-2048,-1648,192,-448,896,1152,1376,-832,-1648,-1824,-800,-1648,-720,32,-608,896,-2640,2352,1168,1120,-784
752,-112,-1584,96,1920,-3152,2016,-656,112,0,-416,-672,-320,1376,672,2752,-1968,-448,-1728,-608,-736,-912,-1104,1616,-560,1440,592,-432,-1488,288,-960,1088,784,1952,-1040,-352,16,-432,-1120,-400,480,-1024,1904,-3632,96,1680,1296,-1088
1040,48,-1696,-304,976,-2912,704,-352,256,32,-1232,-352,-608,1008,1600,1632,-2256,-192,-1248,-1328,-1840,-384,-1296,2224,848,1296,576,1056,-1296,-224,-560,1248,160,960,144,-768,576,-512,-688,16,352,-544,1904,-2752,1776,2656,704,-784
2528,192,-1952,32,-160,-2080,-1424,-432,192,64,-1040,-784,-640,272,896,-2160,-2400,-448,-528,-1584,-1440,832,-1456,1536,1456,1120,144,608,-1376,-352,-688,-464,816,944,-496,-1920,-320,-208,-96,192,976,32,2192,-912,1216,1824,464,-736
1296,272,-1568,528,-320,-1104,-3120,224,-928,288,128,-512,448,-992,-32,-1376,-2240,-48,-16,-1024,-1120,-496,-1904,464,1040,1088,336,112,-1184,-160,960,-1600,832,1360,-1760,-1088,-336,608,464,-464,560,-160,2144,-128,1824,80,-752,-592
1280,128,-1152,-96,-128,-1168,-2224,480,-1184,-368,-1424,-688,304,-816,-336,512,-2256,-224,448,-192,-848,-2352,-688,192,1008,1248,752,144,-752,-752,-624,-1632,992,352,-784,-1040,48,752,-416,256,-288,416,2064,-304,2048,-896,-320,32
1408,176,-16,544,208,-656,-1520,1072,-2320,352,-1968,-784,320,-288,-720,1344,-1888,64,1744,-1280,-1280,-1584,256,816,1136,1120,144,384,-1264,-32,-592,-784,1040,-64,208,-688,-176,1024,-976,544,-496,784,1616,-416,1600,-1520,-1072,560
1712,-240,864,704,-720,-80,-592,784,-1616,1440,-1168,-736,-368,-2032,-288,976,-1936,1344,1280,-1632,-1008,-1936,480,944,640,240,-704,-288,-1744,-880,624,-992,432,272,144,672,-512,1328,-2048,416,-336,256,1216,320,1872,-2560,-624,576
480,-96,-1168,0,0,-96,-64,896,-1408,448,-544,-1344,-416,-2384,608,-608,-2080,1760,-160,-1456,-640,-2288,-1184,528,-80,352,-64,-224,-80,-368,-48,-592,496,-176,512,-272,-912,1152,-1984,-192,-864,304,992,864,2192,-2448,1840,176
-208,96,-496,-992,1456,-96,16,624,-1168,864,-96,-2160,-896,-1936,624,-1808,-1824,-688,-896,-1152,-1040,-544,640,-496,-464,352,-240,144,144,-16,336,720,496,-160,1168,-192,-1088,688,-1744,-800,240,144,576,512,1408,-2176,2336,-656
-560,240,672,-1312,96,208,208,-144,-1056,1616,-1072,-1504,-464,-2512,784,496,-2384,-272,-1520,-992,-336,1120,1024,-2016,-432,-384,-400,-608,224,-1264,48,208,1328,-304,896,560,-1792,768,-1520,-1248,1008,-352,448,368,1072,-960,2000,-448
-1440,592,368,-1744,-864,-240,-16,-96,-1392,1008,-480,-464,-944,-1680,1472,912,-2304,1008,-2144,-1008,976,656,736,-2016,-560,-896,-496,-496,1216,-432,-704,304,1792,784,1504,832,-2416,832,-848,-1280,1120,-592,1056,16,1344,-1888,1056,-720
-1760,512,848,-2080,288,-800,-416,176,-1472,688,928,-480,-1008,-768,2016,-624,-2208,304,-2144,-1584,-960,496,144,-1504,-400,-912,-1200,-352,1712,-768,-224,512,608,208,800,832,-1392,352,-1040,-1056,1056,-64,1664,-176,1248,-1488,-656,-1072
-1744,560,1184,-2720,336,-1040,-640,1024,-736,624,-1360,-720,-1104,-1488,2112,-208,-2752,-400,-1744,-1568,-1584,-48,480,496,576,-656,-752,-368,736,-336,-272,896,128,288,592,896,-656,496,-80,-704,1072,-352,688,-1232,1632,-544,-1328,-1408
-1872,-48,704,-2704,240,-880,-1312,992,-688,752,-1232,-1120,-352,-944,496,176,-2064,-288,-448,-1344,400,-736,-160,336,1216,-1424,-304,-304,224,-416,1088,320,-384,-496,752,272,-704,224,928,512,1184,80,176,-848,1152,-1328,-1984,-2240
-1120,-400,1216,-3008,160,-800,-2048,880,-64,-272,-672,384,768,448,224,192,-1360,-192,-640,64,496,-256,544,-256,720,-1152,-112,-112,96,-880,992,144,-720,-832,592,928,-864,-960,928,1056,2000,272,320,32,1152,-896,-2000,-1984
-1744,32,1056,-2528,-288,-1568,-2080,832,-1376,-720,-2176,864,368,1200,320,-656,-1120,-480,-208,1344,-96,-160,-960,-816,640,96,816,304,256,-800,240,832,352,-1904,752,160,-272,-1232,320,-1616,1440,-80,-272,-320,48,-720,-1600,-2576
-976,1616,896,-1376,-80,-1776,-2096,80,-752,-400,-2256,-1552,48,1216,384,-768,-576,-560,-96,768,112,160,-1904,1360,896,432,592,672,368,-1104,-464,1664,-320,-1056,-2160,-1552,464,-768,-336,-752,560,640,176,352,-672,-1632,-1200,-2192
-48,1408,240,-736,-688,-32,-1328,-576,-432,64,-2416,-1376,784,928,832,656,96,-288,-976,-16,704,-592,-832,-48,272,1008,-256,320,-432,-1712,-144,1504,-1312,-1408,-1568,-1536,-288,-528,-784,1024,416,976,752,1136,-352,-336,-1376,-1216
512,-2496,448,-128,-1088,368,-96,304,-96,-192,-2352,928,544,800,896,480,-768,-384,208,976,512,-1456,-1488,-656,-304,1664,-336,736,-256,-336,160,1360,-960,-1024,32,-992,32,272,-1040,1952,-336,1024,144,544,48,-912,-512,-784
1152,-1152,816,704,-1296,432,928,352,-384,-944,-2064,1328,-176,1088,1072,224,-1072,1056,224,1104,1280,-1328,-208,1360,-256,1200,128,560,-128,752,-368,736,-672,-1072,-224,-992,512,-208,-656,1904,-96,1152,-192,16,-240,-768,-848,-352
1600,560,704,1248,-1648,208,832,896,-544,-928,-2128,1328,912,16,1056,-464,-1152,1136,-656,480,1952,-592,1056,2544,-560,176,-1024,832,-464,720,-624,912,112,-992,672,-480,144,-672,-64,2448,448,1264,-384,864,-704,-96,-208,384
1456,-80,320,1600,-2048,384,544,240,-816,-1248,-960,960,832,-1248,592,-192,-992,1568,576,2096,1152,-624,-480,896,-336,640,-1584,1552,-368,976,272,1088,144,-880,512,-864,-896,-944,176,3328,288,1008,-240,448,-832,416,336,1280
1392,-80,-144,2080,-2080,928,176,-240,368,-848,-320,-416,624,16,-80,-2192,-1104,976,272,1664,1136,-976,416,416,-736,1072,-1024,1536,-928,976,784,-720,112,-960,112,-1424,-1248,-1760,560,2496,-320,1056,-304,256,-976,-288,80,1152
1696,-208,896,2272,-2208,784,432,2000,176,-592,-80,-704,-336,-352,-1008,-2400,-1744,880,-480,1104,1104,-2624,1376,-2224,-1744,80,-2256,1200,-608,480,112,-896,-544,-1904,752,-1472,-1200,-1216,1680,1536,384,1680,224,272,-1136,256,512,1776
1376,-128,1024,1824,-720,400,1824,160,-480,-432,1808,512,-448,-1168,-624,-2704,-1760,48,-224,576,1472,-784,720,-4064,-1488,1040,-1936,944,-608,-816,-448,-2048,-128,-912,640,-1184,-576,-704,1680,2416,928,1056,-720,320,-848,32,-160,2000
1424,880,592,2096,-608,272,2064,-1408,-1568,-448,1360,-1264,-576,-1440,-272,-816,-1680,-592,880,240,2672,-80,1680,-3168,-1360,-208,-1792,880,-288,-752,-256,-2016,608,-960,432,192,-256,-1568,1504,2736,1280,-400,-608,656,-1376,608,816,1008
816,432,-48,3120,-96,16,960,-176,-1456,-704,1120,-1280,-1008,-1248,-224,848,-1520,-1216,1776,1360,2336,-1360,1696,-1664,-992,-1008,-1712,336,-112,-48,-816,-1088,2208,320,528,544,-192,-1488,1552,2848,2304,64,768,624,-2528,1840,1872,512
896,400,-16,1936,368,-304,192,688,-432,-128,3088,-1472,-1056,-864,-304,-336,-1680,-1936,880,1616,1616,-1984,1232,-1472,96,128,-304,176,-544,144,320,-960,-272,-992,-128,-48,144,-464,1600,2368,1328,128,416,624,-2320,1440,1136,144
928,768,96,-640,256,384,-128,512,-192,-336,5328,-704,192,-704,32,-1248,-384,-1648,-80,992,1488,-608,-336,-384,-64,2240,640,-64,-336,-2016,1296,-1456,-1168,-1296,16,496,-32,-1376,1504,1728,-80,-752,-656,1840,-2400,1200,528,192
1056,1008,304,-176,-576,352,-432,304,-480,-752,3360,560,-1856,-1104,-1152,560,48,-1488,-480,608,448,-608,-624,-544,-96,928,1440,-272,-608,-2080,992,-800,80,-192,944,1888,-336,64,2048,1216,-1360,-992,-224,2416,-2272,2192,288,-672
2288,832,272,-32,-352,-624,-544,688,-1008,-160,1440,784,-1952,-1376,-928,928,320,-1728,-1440,704,688,224,64,-704,320,-480,2016,-496,480,-1360,880,-1248,0,-736,1152,1472,-400,64,1920,464,-2608,-1280,-144,2928,-2096,1600,208,-1584
3104,144,96,-496,-48,-416,-256,704,-736,-272,2496,336,-256,-624,528,656,624,-992,-1488,848,1152,-496,-96,-528,400,736,912,576,1120,-880,736,-352,-912,-480,288,1040,-240,-672,-1408,1040,-1840,-1104,112,1424,-992,720,-224,-384
240,-160,768,-144,672,608,-1200,1296,-416,368,144,800,752,-208,336,832,1008,-1056,-960,800,1184,-512,-80,640,-336,480,-288,992,1392,640,-384,624,-672,-480,-1136,1424,384,1648,-944,1456,-2624,192,-336,1696,-1280,976,-576,368
1712,-1200,864,-336,-112,256,-144,752,-960,1440,-1280,64,752,-336,-736,-400,672,-1280,-48,800,1824,256,-336,1088,-128,-160,-2336,1328,1296,336,-224,688,-64,432,-1952,704,1088,1120,-896,1776,-4048,320,-1392,2176,-928,1008,576,-2880
2512,-2000,1232,64,-608,432,320,224,-592,2032,432,-32,832,-304,-672,-192,304,-544,-288,432,2496,752,-1072,-496,432,-96,-2272,720,1344,592,-160,1712,-336,-16,-1952,1424,1808,1136,-1408,1824,-1792,-2560,-560,2112,-736,1056,-16,-2016
1728,-1680,1296,464,-1824,704,304,-1248,-592,2800,-16,-432,560,-928,192,384,-416,336,304,1184,2128,912,-1088,-1712,624,-336,-2928,1040,1184,672,-912,528,-272,-432,-2064,1824,2384,1696,-1168,2096,64,-896,-1280,1984,-1472,512,-1376,-272
1088,-1744,1200,416,-2176,-1264,912,-1712,-1296,1232,688,-864,-384,-1600,976,16,-576,704,816,912,912,1104,640,-2720,1696,-1184,-2928,864,544,-16,-2512,-176,48,-48,-1680,1696,2512,1840,-1136,1936,-1008,-224,-1072,1088,-640,144,-704,48
1024,-1936,576,640,-1968,-1200,1696,-2160,-544,-1184,1280,-1104,64,-1408,112,-256,-32,160,1408,512,-48,304,944,-2288,2912,-656,-1920,-64,192,176,-2032,16,-16,48,-1184,1600,2672,1440,-896,1808,-656,-528,-1024,1024,144,-112,-80,-832
80,-2224,432,400,-1056,-144,1248,-2624,384,-2032,1344,-736,-80,-2448,-1488,-1680,-512,-2112,1312,688,-1168,496,928,-496,2304,-352,-1104,-144,672,-48,-1520,-96,-1792,1296,-80,1008,1056,1760,-1136,1856,384,-736,-1584,1232,256,-64,-400,-1280
192,-2288,640,96,64,-288,752,-1264,-464,-2736,1296,-848,-544,-2032,-1360,-144,-912,-4144,1792,672,-208,400,-48,-144,1264,-1104,-464,16,1296,-528,112,-464,-1776,1104,-976,848,-1232,2368,-608,1680,-80,-1584,-1456,-144,192,-32,0,-2032
-560,-2016,304,80,-240,-1008,976,-384,1200,-3776,2256,-656,-1152,-1008,-784,-592,-144,-4464,1232,1248,-848,-512,-2416,-352,272,-544,-112,-1088,544,-32,992,-400,304,832,-320,1840,-2288,1968,-80,1632,-16,-2400,-432,656,384,-240,-192,-1440
-288,-1216,928,-96,176,-1312,816,-560,2240,-3312,1920,-80,-1952,-592,-1024,-1728,-320,-3920,832,1696,-1168,32,-1568,-1088,-1152,-368,432,-1216,704,-1008,736,-832,656,1552,-160,1408,-3008,592,-272,1984,-240,-656,-432,976,-224,640,-592,-336
-480,-1072,1216,-512,592,-736,656,-528,64,-3232,624,-704,-2368,-624,-544,400,352,-3328,752,1392,-544,336,-1712,-1328,-1712,-992,256,-192,656,-1152,688,-688,464,336,-1088,1248,-3216,-400,240,992,-400,208,-384,848,-816,560,-288,-208
224,-1424,672,-624,80,-272,448,-288,-800,-1024,240,352,-2352,-144,-384,208,32,-2816,-16,528,-1744,-48,-2576,-352,-2528,-864,16,288,1024,-560,-1056,128,208,-800,-1488,0,-3056,-848,384,160,-1152,-224,-1408,912,-816,-720,-208,-224
-272,-784,192,-1088,-288,384,1056,-32,-976,-1696,-288,304,-1840,-224,304,336,-144,-2896,-224,992,-1264,224,-1888,64,-1360,-256,-480,528,1600,-1344,752,464,-2000,-464,-784,-864,-2704,-1264,-208,-928,-1488,2304,-1088,688,-656,-736,-352,-752
-832,-272,1040,-1280,-464,-96,1136,-352,-2640,-3552,1296,-240,-1168,-1040,608,-848,-496,-2416,-624,1088,-192,624,-608,720,-768,-48,592,992,3056,-1104,2992,416,-2336,352,-944,-768,-1696,-592,96,-560,-1296,2992,640,400,368,-880,-464,-448
-1248,-240,1328,-1536,0,-80,752,-160,-2928,-3552,1616,-528,-544,-672,1392,-688,-400,-1360,32,960,304,-352,128,1264,32,768,496,2000,320,-1040,1456,1728,-3136,-128,-64,-496,-2080,-928,96,1616,-1376,976,-272,96,816,-160,-16,-176
-1328,320,640,-704,-688,-976,528,128,-2880,-1744,1296,-144,-528,-208,1376,752,432,-608,80,1952,1248,-288,256,576,-880,496,480,2192,-768,-416,-416,624,-2912,-80,320,-1584,-1872,-1424,-336,1504,-1584,-368,-2976,80,176,512,912,-656
-1040,128,560,-544,64,-176,-256,368,-1712,-1584,560,-976,-1072,320,-32,32,160,-144,-144,-16,-1552,368,-736,-560,-1920,608,1136,1616,448,528,144,592,-2880,-640,432,-1280,-2032,-1008,-560,1760,-1328,-1632,-1184,-32,304,-160,1680,-1104
-1280,528,400,-112,512,-48,-752,-496,-1232,-656,32,-1424,-432,1312,800,-528,224,-64,-432,-2080,-1408,-880,-1168,-624,-1040,1312,1216,0,1152,1232,-2304,944,-1840,-1664,928,-336,-1232,-560,-144,2640,-1040,-1680,-864,96,1392,-1264,1664,-512
-1328,448,400,384,-192,-1008,-1008,-448,-1152,464,160,-2656,-96,1136,1296,-944,864,32,-112,-768,-112,-928,-928,320,-1856,1984,1824,-1280,640,1520,-1936,848,-992,112,448,-960,-848,-80,-144,1600,-1040,-2336,-720,-928,928,-1280,2064,-960
-848,272,96,192,-480,-1312,-1232,-128,-1216,672,-528,-2928,-1472,32,912,-1040,1216,192,1744,480,-320,1264,-1392,-448,-2176,1152,368,-1488,1104,1728,-1008,784,-608,-16,272,-688,-704,-64,-608,688,-1184,-2256,-48,-1200,896,176,2496,-912
-1360,736,464,624,-64,-1584,-1456,-1456,-864,672,-1120,-2288,-960,-1168,-368,-896,880,144,304,-624,-144,2288,-656,848,-2000,1936,432,-1808,736,1136,-1248,912,-32,-2800,240,-80,-592,-880,-384,-576,-528,-2192,-1088,-992,912,-704,768,-768
-1104,800,624,944,1216,-1488,-1280,-1360,-448,864,-656,-1008,240,-208,-1760,1408,224,80,-2480,48,-544,2064,432,1248,-2112,1840,368,-2592,-496,928,-1584,48,-1008,-1792,688,-288,272,-1696,-544,-1024,-304,-2016,-816,-592,736,-144,1152,-480
-688,848,720,816,240,-1232,-2352,704,-2192,384,-1888,-1344,-864,-2384,-2064,1472,608,-352,128,960,-1376,-480,-1808,336,-2064,768,16,-2864,-1040,352,-1904,-992,-288,-784,464,-784,608,-1744,-640,-1632,-1136,-928,-416,-800,1040,896,1728,-640
-384,1264,416,848,-480,-1296,-1792,1776,-2736,1376,-1632,-944,-1040,-3152,-816,-368,1120,-1360,144,-288,-672,-1440,-1888,-208,-1392,1120,128,-3024,-2160,-752,-1632,272,1808,-1360,-80,-1216,304,-1472,-752,-2576,-976,-48,-512,-992,160,-496,1840,-1712
-400,912,-48,800,496,-576,-1136,2816,-1984,896,-752,-592,432,-1856,256,-368,320,-1584,-416,-1104,752,-1504,-1152,96,-1456,1296,544,-2288,-3456,-1504,-1216,1888,1200,-528,-256,-1168,-48,-48,-896,-2912,-960,-432,-544,-432,-496,-160,1840,-912
-736,352,688,288,688,144,-992,2640,-2240,1072,-2224,-64,352,-1504,-384,112,144,-848,-1264,-240,576,-1504,-1216,-144,-768,1344,-224,-1824,-3280,-992,176,352,288,96,112,-1024,-560,-256,-1536,-2928,-464,-816,-944,32,128,400,976,-496
48,48,880,576,96,336,-944,1568,-896,672,-944,416,-1456,-480,-816,1536,0,-128,-1504,-576,-1264,-1504,48,528,-560,1520,96,-1264,-1824,-1344,1056,272,-352,336,16,-1040,-256,-1136,-1056,-3168,-1120,-112,-736,480,2176,-576,1184,336
1216,-480,784,848,592,592,-448,288,-240,1280,192,1280,-3296,512,544,1808,-656,-48,-496,-1216,-320,-1072,560,-112,-1072,1712,-832,-704,-848,-960,1600,912,368,912,432,-2192,48,-304,-1104,-3360,-944,32,-624,976,2688,-1040,960,688
1728,-960,1872,1248,1104,464,-256,0,-48,992,-1904,1856,-2640,1248,800,960,-864,-480,-544,-944,-480,-576,592,1216,-1152,496,-1664,-1168,48,416,464,1952,624,-400,768,-1984,-512,880,-864,-2576,160,-240,-640,-512,3280,128,2048,880
2336,-2208,2496,784,720,512,-1088,-384,64,720,-1248,2896,-3024,432,64,976,-768,-304,32,-1200,-48,-32,-944,1600,-528,160,-1408,-1792,528,-176,-720,1440,-1392,-80,800,-1168,832,1280,-432,-1600,1088,-416,-1280,-224,-464,-128,2192,80
2544,-2448,2464,-144,272,304,-480,-1600,1632,1376,-864,4688,-2560,-352,784,-160,-16,336,-1072,-1712,-208,784,-2016,-656,-864,-176,-1168,-304,592,-992,-896,816,-3072,-224,1376,-1360,176,1808,-544,-1504,1216,-896,-960,720,-3232,64,1568,416
3040,-2320,2688,-192,-848,608,-304,-2080,1472,720,-176,4816,-976,16,784,-64,96,736,-1280,-2352,-560,-608,-432,-16,-1152,48,-944,416,-80,-64,-1360,-112,-976,-144,1280,-560,592,1488,-256,-1680,864,144,-784,176,-2128,480,1520,736
3584,-1568,2480,-272,-1744,-304,-608,-1408,784,528,-496,-128,-1120,352,-64,224,-720,1472,-880,-944,-416,-1136,-320,-576,-1552,512,-688,-208,464,48,-848,-816,-480,992,1152,-640,1312,208,64,-1712,1200,128,192,336,-1984,-128,688,128
3152,-1072,1040,-656,-2480,-1392,-944,-1664,864,128,112,-1248,-528,-544,-256,-800,-1152,1536,592,-720,-1024,-1248,-1536,-880,-992,560,-464,-2928,768,848,80,-1472,-992,672,1088,-960,656,-608,480,-1808,1040,800,592,704,-2240,-1264,-144,-1584
2496,-672,-624,-816,-2048,-1856,-1312,-1168,1200,-1680,1120,-656,64,-1440,-320,-1152,-384,-1120,1328,-96,-464,-608,-1424,-784,-672,1936,-592,-1680,464,576,720,-1440,-128,-512,1312,256,1136,-1520,832,-2000,1344,1296,912,-416,-2480,-976,-688,-2048
3200,-864,-832,-240,-1680,-2272,-1248,-32,-128,-1856,480,-512,176,-1152,-512,-704,-768,-1376,2496,672,-720,-448,-2352,16,-96,1280,208,-448,240,-656,720,-1024,-144,-832,192,-224,624,-1616,288,-1968,1440,752,1152,480,-1056,-656,-1712,-2256
3440,-1488,-2944,720,-1104,-1312,-1456,-928,-192,-1616,1456,-1920,-336,-432,16,-672,1728,-320,2096,32,-704,-832,-1664,1152,944,1760,816,-928,-592,-592,320,-1728,-912,-1040,368,-704,-224,-1648,-64,-2256,976,1280,880,1264,-208,-1168,-1456,-3168
2672,-1152,-2768,368,-464,-752,-768,-496,272,-1088,336,-832,-1200,-1232,-256,-1184,560,-432,-416,416,-352,32,-1408,-288,1504,1904,1632,208,-1136,-592,-784,-3904,-2016,-1760,-208,-1232,624,-1536,-752,-2272,1024,1952,-352,880,-448,-880,-1120,-1856
2480,-848,-496,128,192,-720,-400,32,672,-1200,-512,-768,-1024,-144,592,-1168,-1280,-976,-1168,1376,-256,-32,-1504,-512,1920,1696,1024,144,-624,-544,-576,-2832,-1152,-1440,144,816,416,-544,-1504,-2384,160,1696,144,704,576,-496,-1040,-512
1824,-496,-560,400,-336,544,-416,928,2400,-1168,336,-112,-912,768,-256,-80,-928,-64,-2464,2128,-1088,-480,-1904,448,2720,1120,2080,-416,-800,1344,304,-1248,-416,-848,176,2960,368,-32,-1984,-2400,304,1712,480,1312,1824,-128,-864,1536
864,-384,-144,832,-1104,176,-128,144,-304,-512,1280,80,-608,768,-1008,176,-1152,-16,-2752,1152,-1088,256,-768,-496,2128,1200,2400,896,-800,736,336,-320,-928,-256,1200,384,-352,144,-2896,-2544,992,1504,816,416,1776,-416,-656,2800
528,-928,16,272,-416,-272,128,144,-768,-416,928,528,-592,512,-640,-416,-816,-208,-1648,192,-576,1536,-688,176,2656,1200,-1344,1776,-368,-176,-240,224,-656,-128,1008,-528,-160,416,-2896,-2208,640,1504,1152,736,1584,-1056,-160,2672
416,-224,-112,528,-992,176,192,944,656,448,-656,800,-336,928,-576,-1120,-368,112,-1008,1520,-960,672,-1072,384,2224,1152,-1024,1472,-128,144,368,336,-992,-320,832,768,272,352,-1552,-1120,352,1456,560,736,1184,-832,0,1408
176,1008,128,448,-1200,624,0,560,1216,800,896,928,64,928,-416,-1808,-736,-208,-80,1696,-528,32,-1376,-704,2192,864,-304,288,128,-288,-320,288,-992,-1120,2080,336,-304,192,-624,-560,544,1456,0,752,1040,16,720,768
512,-1232,224,1488,-1072,688,-240,880,1744,304,1008,416,-528,480,1680,-2336,-256,-1072,1008,1200,-624,80,-416,-2176,1984,352,-768,-128,1120,-560,-992,16,304,-2592,3072,-992,-240,1056,-736,-1184,1104,1424,-544,-608,1200,560,576,-144
384,-960,304,640,-1296,32,64,560,1440,-448,1152,432,-1264,0,-192,-1632,-288,-576,528,448,-400,320,560,-1616,1456,1728,-752,480,1984,16,-224,880,-416,-2704,1392,-1232,-144,768,-864,-1232,528,800,288,-1920,1344,1600,800,-848
528,1040,-432,-2144,-864,544,-544,512,464,592,1856,1392,-576,-976,-1712,-2400,-432,-928,224,768,688,1056,1360,-1200,2688,1312,-128,-112,2240,-528,128,1888,-960,-3920,-544,-1664,1344,736,-976,-1376,240,144,608,-848,1344,1568,1824,-1184
320,1120,-1184,-816,-752,960,-848,256,1024,704,288,1152,-480,-1200,-416,-3616,-96,-1280,704,432,1104,-784,1024,-880,1632,864,480,-48,2896,-688,0,3168,224,-4272,560,-1424,-544,432,-736,-2288,-400,400,-176,-1248,1376,-1152,1600,-1344
16,1648,-1392,-320,-1888,1408,-544,160,1376,-192,-32,256,1376,-1376,-240,-2784,544,-2128,608,-464,944,-1328,-128,-848,2048,1072,1792,144,1872,544,-496,3232,-512,-2272,-784,192,-336,48,-560,-1008,-544,1184,-304,-704,2192,-1008,96,-1552
704,1456,-320,64,-1168,736,-720,-224,576,416,-64,464,992,-1456,-144,-1136,1008,-1856,176,160,336,-1744,160,224,2592,864,2000,272,1280,496,-384,4096,304,-1920,-400,432,1504,-320,-96,-640,-128,480,32,-1136,1632,-384,-1040,-2240
224,272,-48,80,-464,-1584,-320,-16,736,544,1120,-304,704,-544,-848,1520,800,-1888,-112,576,-464,-800,496,384,2336,256,1152,16,2176,-112,-608,2192,608,-560,-1440,-272,272,-1008,688,-1456,32,528,512,-784,896,-1168,-1392,-2736
272,528,-272,16,-1104,-2512,320,-400,672,400,272,-864,1344,-464,-960,2512,1200,-1600,-1184,800,-624,192,288,-144,2576,752,1728,192,1440,576,-192,752,400,-576,-1056,-496,-192,-32,800,-1488,-1440,768,-176,-816,1680,-416,-1616,-2192
416,1600,-336,304,-1152,-2000,576,272,-256,656,-912,496,272,-128,-464,2384,2000,-2320,-1888,688,1152,592,544,-400,2864,1120,2096,624,1200,-512,-512,-688,-880,-720,-336,-848,208,592,192,-1760,-1728,256,-432,-192,1376,336,-1712,-1984
-368,2336,-160,512,-1408,-2016,1024,-304,496,960,1536,848,112,-384,-1456,992,1936,-2336,-1152,192,1120,432,656,-496,2512,2064,1984,448,1136,-848,-192,-2464,-1344,-576,-368,-1136,-384,384,-1136,-1504,-1216,288,-480,256,1088,-496,-2064,-1216
32,3360,-768,672,-1280,-1520,976,-64,-176,992,992,-496,560,-320,-1680,-1392,2592,-1440,-448,832,112,832,1344,-576,2368,224,320,448,464,1024,-672,-1616,0,-880,16,-656,-496,1504,-1632,-1280,-928,2208,-576,720,1328,544,-1632,-1232
-32,3600,352,1440,-1680,-512,192,352,-720,1584,928,-640,-1168,304,-896,-1792,2192,-1248,-1152,192,1024,1264,1456,-656,1440,-1184,576,1056,2112,1072,-2208,-480,-640,-1440,-384,-512,-32,2144,-784,-1776,-752,-576,272,832,592,1616,-1712,-800
-944,2208,816,2048,-2048,48,-48,-16,-976,960,-16,336,-256,128,608,-832,1424,-592,-1408,32,1760,752,-1520,-640,1136,-960,288,672,2704,912,-1616,160,-1088,-304,-736,-432,-48,848,-480,-2064,-80,-1824,976,1232,320,1296,-1296,-160
-352,720,608,2416,-2080,752,-432,-176,64,752,-112,896,-896,-384,1776,-2016,192,-688,-352,-784,864,1216,-4416,-1808,656,208,800,976,1808,2288,-1824,592,-1648,-512,-352,-528,-256,-832,-464,-1552,-848,976,-192,1216,-512,736,-560,-64
-160,896,656,1696,-1104,656,-752,720,-864,1136,848,288,-1520,128,1952,-2144,-976,-1072,304,-624,-464,880,-3184,-2112,352,1040,1520,1328,2288,3264,-2416,720,-1008,-592,704,-224,-272,800,208,-1568,-800,976,96,768,-480,640,-736,1296
224,96,96,896,-336,-416,-896,384,-1888,576,-224,752,-1792,400,400,-2288,-1472,64,544,-1040,400,0,-1216,-1472,304,2912,1056,1664,3280,2928,-2480,464,-624,-496,1216,416,-336,1728,192,-1152,-208,256,592,208,-64,64,-560,2336
-864,-656,-544,1024,576,-736,-560,16,-1392,384,-400,656,-1328,144,-1280,-1744,-1200,576,640,-1200,0,-1248,-1360,96,784,1520,480,1840,3280,3632,-2352,1040,-1216,-640,1552,464,656,416,160,-1440,512,1024,496,1168,-320,-304,-16,2320
64,0,-672,1264,1680,-1680,-656,192,-560,-896,192,928,1472,-1408,-2512,-2368,-1424,240,-672,-512,-592,224,-1216,-96,2320,992,352,1040,3488,2416,-1328,832,624,-672,272,720,480,-544,128,-1424,272,1360,336,912,-688,144,-640,1120
2224,576,-656,720,1664,-1344,-1280,2288,-1056,-752,-976,1152,1056,-1808,-3040,-224,-928,-192,-768,784,-720,768,-2176,-1040,384,432,416,656,4464,256,160,288,-192,0,-608,-112,-464,-304,880,-1584,-48,1280,-16,944,-592,-1600,-3136,16
1312,1184,-976,1392,1488,-944,-976,1696,-1328,-1072,-1600,1168,-864,-2112,-2960,32,112,16,0,1008,-64,-656,-2688,-1008,560,432,800,528,4064,-128,1904,0,-688,224,-976,336,-336,-1088,1248,-1728,128,1216,-64,2048,-16,-944,-1936,0
736,1072,-1040,1008,992,-320,-176,272,-1104,-1744,-960,2128,896,-896,-1760,-208,992,656,-128,944,1152,48,-1152,-432,2272,-1312,64,608,3232,-736,1600,224,-112,-32,-112,272,-800,-496,1440,-1456,720,1296,-336,880,816,-784,-2144,-240
1840,448,-368,352,112,1584,-80,832,-928,-2016,-1216,1312,1216,-400,-1504,-512,1312,16,144,1216,1216,256,-1856,64,1504,-1456,-400,384,2448,-1264,1312,560,-544,-512,-192,96,-160,496,304,-800,944,288,-1104,-2192,64,-512,-1632,-1248
1792,224,-720,512,384,2000,-928,1312,-224,-2720,-1248,144,688,-16,-544,-688,1296,336,736,1152,1264,512,-2640,-480,480,-1120,-672,512,944,-1088,1376,-208,-128,-736,-848,1072,16,-336,-1072,-832,-1952,-784,-912,192,-336,64,-1856,-2080
832,-384,-784,464,320,1312,-208,1104,-528,-2800,32,-320,608,800,-384,944,320,768,736,1408,192,1104,-1664,448,1040,-1264,544,1680,-240,-224,880,-608,-112,-1376,-256,848,-800,-224,-1040,-960,-1632,-992,-784,1440,-272,416,-1600,-2032
1328,-160,-720,-48,-816,1056,720,176,-944,-64,912,-64,2576,160,-528,816,400,1136,1312,2864,384,1328,-2688,1696,608,-656,320,1136,-608,48,160,-1200,-528,-32,-32,-208,-960,832,-1152,-16,176,-896,-1232,848,192,240,-320,-1184
720,32,80,-336,-1152,752,288,384,-384,256,-640,-288,2336,-448,256,448,608,848,2144,1536,1280,1504,-1600,640,96,96,80,656,-1712,1280,208,-880,928,-384,-240,176,-880,928,-704,16,-224,-1104,-752,752,0,496,-160,-720
784,-80,-32,-464,-2032,992,432,-128,-256,-416,-784,368,960,-144,320,1456,944,1488,2512,-816,720,1552,-160,-864,720,624,400,2016,-1600,1952,384,144,720,448,-880,176,-640,512,-256,16,-112,-320,-560,336,-112,-304,-320,704
-80,-224,224,-112,-2368,848,416,-1184,-224,-80,-240,48,1088,-448,-352,496,544,1344,2608,-1264,896,1232,-624,-1344,752,-464,320,1168,-1840,1008,192,-400,208,-240,-768,1024,-128,1632,-224,240,0,224,256,496,304,-1216,384,672
-448,-400,592,-176,-992,1136,176,-1280,-672,224,-256,-64,400,-368,-240,-688,1072,1040,2560,-1456,2608,1632,-1152,-1760,256,-1072,624,1344,-1408,736,640,-1440,672,-160,-1216,1328,-160,2048,-464,-432,816,32,1072,176,1392,-512,800,-480
-944,-1280,896,-400,-864,1040,-432,-1504,-1376,832,32,-64,-848,-336,-80,-464,560,352,1664,-640,2960,544,-256,-272,304,-1424,1024,2512,-656,1760,-880,-2320,832,448,-1344,736,96,1296,672,-320,976,0,656,320,1808,-16,-240,-224
-560,-1712,1376,-448,-752,256,-608,-1040,-496,1152,-176,816,-1184,-1520,-544,-448,96,-352,912,-528,2064,256,-48,-576,-144,-1776,640,1856,-1328,1392,-1120,-1824,352,400,-880,1216,880,544,416,320,656,-48,-416,-1040,1968,-640,-96,624
320,-640,768,-608,480,-400,160,144,16,848,-864,1120,-560,-1232,-816,-352,1904,-736,1408,-48,800,-128,816,-304,-320,-848,688,880,-1136,1968,-640,-1248,544,656,-1136,384,256,864,240,320,64,-656,-1872,-480,1472,-16,224,1632
-432,-96,592,-1104,496,544,1056,192,80,1344,-1600,688,-400,-1488,112,480,576,-112,2768,1648,-272,528,96,624,96,-1040,704,176,-528,2432,-1472,-704,-80,1344,-912,-432,944,1280,336,-496,608,-640,-3600,960,448,-560,-304,1712
-1200,-224,448,-1040,976,752,592,288,608,2576,-768,288,-368,-32,48,1184,-64,320,512,1104,-928,1184,-800,-848,192,-1184,1312,384,-1664,1616,-704,576,592,832,-2368,-32,1264,1824,-160,-688,-192,-1984,-2720,1056,544,-880,-160,1136
-608,240,32,-1184,864,544,528,800,592,3168,-1232,1520,-656,832,-336,2976,-336,768,-3552,1088,-2304,-976,-400,-1232,208,-1472,1792,-112,-1648,2896,-80,-592,2160,1520,-1840,-304,80,2256,-192,-960,-1264,-2176,-1712,-144,1408,400,-592,1456
-1408,960,0,-944,1424,464,976,976,112,-448,-1472,976,-480,640,-80,2896,432,688,-1184,704,-2288,-1712,-800,304,400,-1392,1184,192,-688,3088,144,-64,368,736,-1232,240,480,2176,800,-1216,-640,-1632,-2096,512,1520,-432,-592,1664
-1104,1616,-112,-912,1536,0,864,192,-80,-144,-1152,1184,864,400,-480,2464,784,960,-128,416,-1872,-1424,-1360,448,816,-1008,240,960,-1040,2128,-656,1392,-272,384,-496,1088,944,3024,48,-1616,-1216,-1472,-368,1008,2032,-1264,96,1856
-64,1376,-640,-1072,496,1024,-544,832,-64,1104,-720,-272,832,0,0,1536,528,1248,-1088,1216,-768,-1280,-352,352,64,-1216,736,1280,-1168,2672,-1216,608,208,416,656,-96,1072,2784,-1264,-1600,-1520,-1712,592,352,1888,-384,496,1328
640,112,-464,-960,-32,1360,-512,1504,832,1184,-480,-144,224,176,-448,912,528,1280,272,1520,-16,-400,-912,208,448,-1440,528,1104,-1152,2912,-1632,640,2160,1232,128,-752,544,1552,-1008,-2352,-1008,-928,752,-752,1936,720,1136,288
864,-160,-368,-912,-640,1312,-96,1120,-352,-144,-1264,-208,2032,1072,-208,464,288,1488,800,2512,1024,784,-1200,-1168,1152,16,-736,1456,-1968,1392,-1968,384,1392,-288,336,560,384,1424,-3216,-1888,-784,-352,-160,-864,2672,0,1040,-112
1104,576,-528,160,-1568,640,-96,288,-448,288,-400,-144,1264,240,1136,-368,496,864,672,3184,1488,-400,-528,-464,752,-656,-304,1184,-2128,1664,-912,-720,1568,512,496,2080,416,1392,-2208,-800,-320,-352,-704,-752,2576,-208,-192,208
2400,368,-1152,912,-1968,304,-512,-224,-80,1616,-384,-704,448,-816,1664,-736,-192,1280,384,2128,2256,-752,-1104,-336,704,160,-544,816,-1456,1840,-320,-16,1968,1232,1008,2352,96,1536,-32,-1152,-192,512,1680,-1552,2656,112,-384,752
3120,352,-1296,1248,-2304,64,-368,-832,-304,-128,-320,-896,1856,-1520,48,-1872,-336,1536,912,192,1776,-336,-448,-896,592,320,-768,-272,-1744,832,336,384,2096,-16,688,2848,960,272,-752,-496,-864,576,1696,-1296,896,176,-240,160
2576,704,-1616,2192,-1936,-416,-720,-1520,352,-672,608,-688,768,-1184,-160,-928,-256,1136,608,128,1680,704,224,-864,576,288,-448,576,-2208,1504,64,528,896,480,1088,3360,624,-688,-128,-704,-1472,-176,992,-1008,208,160,-464,-864
336,1248,-1792,2080,-1600,-368,-1072,-2512,-208,208,528,704,-384,-928,-288,-32,336,1328,672,-944,2496,576,-656,-512,1632,1280,-32,-64,-2048,2832,-160,-224,-656,-992,1552,3424,-480,-896,-64,-1184,-720,96,1200,-2208,1040,752,-288,-240
-1168,1712,-848,976,-304,-848,-1104,-2384,320,-704,-1584,224,512,368,-1536,496,384,720,832,-1984,256,-288,-48,416,1232,1216,304,-592,-768,2112,-48,256,-304,-960,2848,3504,-960,-1888,-272,-1504,-672,288,1056,-2016,816,-16,1008,736
-1424,1888,-256,-368,720,-1776,-976,-2016,928,-288,-864,-80,1072,-496,-800,-48,-112,816,1088,-528,416,48,1152,1456,480,1072,-256,-784,-512,1056,-96,272,32,-1280,2288,4304,-1088,-2288,352,-1488,-928,-304,1472,-2032,592,-208,560,688
-2352,1520,-688,-1760,912,-1056,-160,-864,1136,-608,-1024,80,1776,-736,-1040,-288,80,2528,672,1792,1264,16,480,144,384,-896,-448,-384,-624,1616,-1184,-2064,-16,-752,1296,4800,-1056,-2352,1360,-864,-944,320,448,-832,432,-560,64,944
-2704,1280,-1088,-1776,1072,128,384,-768,192,96,-816,960,1296,368,-320,272,-864,272,320,1216,816,880,-816,288,1200,-640,-496,832,112,2528,-800,-112,688,-800,544,4816,-16,-1696,848,-1520,-1664,176,464,-384,464,608,-176,688
-2784,1280,-368,-1648,224,256,256,-880,1072,144,-1584,1760,-160,-1104,224,848,-688,-1728,896,-448,688,208,-1264,-624,1104,-1440,-288,-192,1600,2320,-624,944,1568,-928,1072,5776,-400,-560,320,-1696,-2336,208,32,-1296,-176,1376,-608,224
-1760,1104,-560,-1424,-528,672,624,224,304,-304,-1328,1328,1120,-624,-416,-192,416,592,416,-480,48,80,-880,-48,384,-320,-592,416,2016,3216,-1312,848,1632,48,1376,6448,-256,-848,-1184,-1728,-2000,-432,432,-768,-304,2048,-816,192
-992,992,-464,-336,-1008,1296,480,976,384,560,-1248,1776,1440,-416,64,512,416,1280,160,192,32,928,-816,96,768,592,160,2176,880,2992,-1136,288,1488,208,1568,7552,1216,-1136,-2256,-2480,-1072,-944,528,-864,-176,1888,-768,-368
